"mass-rfile"
"Iteration" "mass"
("Iteration" "mass(inlet)" "mass(outlet-oil)")
2948 0.02622239847736852 -0.02622218077450807
2949 0.02622239847736852 -0.02622220862413673
2950 0.02622239847736852 -0.02622222716889317
2951 0.02622239847736852 -0.02622224020941585
2952 0.02622239847736852 -0.02622224290220301
2953 0.02622239847736852 -0.02622224978150071
2954 0.02622239847736852 -0.02622225889230731
2955 0.02622239847736852 -0.02622226550018285
2956 0.02622239847736852 -0.02622227672735034
2957 0.02622239847736852 -0.02622228192198405
2958 0.02622239847736852 -0.02622229244451528
2959 0.02622239847736852 -0.02622229721816995
2960 0.02622239847736852 -0.02622230237371105
2961 0.02622239847736852 -0.02622230353801069
2962 0.02622239847736852 -0.02622230988363584
2963 0.02622239847736852 -0.02622230822465717
2964 0.02622239847736852 -0.02622229940047724
2965 0.02622239847736852 -0.02622230754760767
2966 0.02622239847736852 -0.02622230670461186
2967 0.02622239847736852 -0.02622230515215296
2968 0.02622239847736852 -0.02622230636627549
2969 0.02622239847736852 -0.0262223080028262
2970 0.02622239847736852 -0.02622230246574002
2971 0.02622239847736852 -0.02622230534357397
2972 0.02622239847736852 -0.02622230514886508
2973 0.02622239847736852 -0.02622230929987697
2974 0.02622239847736852 -0.02622231256270467
2975 0.02622239847736852 -0.02622230606627724
2976 0.02622239847736852 -0.02622231482625504
2977 0.02622239847736852 -0.02622231370832574
2978 0.02622239847736852 -0.02622232185786746
2979 0.02622239847736852 -0.02622232728846461
2980 0.02622239847736852 -0.02622233288611717
2981 0.02622239847736852 -0.02622233817258584
2982 0.02622239847736852 -0.02622234593002162
2983 0.02622239847736852 -0.02622235671210862
2984 0.02622239847736852 -0.02622236114290508
2985 0.02622239847736852 -0.02622236585542111
2986 0.02622239847736852 -0.0262223714891791
2987 0.02622239847736852 -0.0262223759518288
2988 0.02622239847736852 -0.02622238032100177
2989 0.02622239847736852 -0.02622238047194156
2990 0.02622239847736852 -0.02622238453853382
2991 0.02622239847736852 -0.02622238664340637
2992 0.02622239847736852 -0.02622238710909475
2993 0.02622239847736852 -0.02622238646869555
2994 0.02622239847736852 -0.02622238582850789
2995 0.02622239847736852 -0.02622238362027772
2996 0.02622239847736852 -0.02622238024861744
2997 0.02622239847736852 -0.02622237507315411
2998 0.02622239847736852 -0.02622237110953754
2999 0.02622239847736852 -0.02622236780118014
3000 0.02622239847736852 -0.02622236124039138
3001 0.02622239847736852 -0.02622235409695507
3002 0.02622239847736852 -0.02622235035733857
3003 0.02622239847736852 -0.02622234176347765
3004 0.02622239847736852 -0.02622233542269028
3005 0.02622239847736852 -0.02622232806241673
3006 0.02622239847736852 -0.02622231774124396
3007 0.02622239847736852 -0.02622230909082182
3008 0.02622239847736852 -0.02622230170742345
3009 0.02622239847736852 -0.02622229454437513
3010 0.02622239847736852 -0.02622228665307899
3011 0.02622239847736852 -0.02622227971652752
3012 0.02622239847736852 -0.02622228271286054
3013 0.02622239847736852 -0.02622227130265748
3014 0.02622239847736852 -0.02622226467790078
3015 0.02622239847736852 -0.02622226233576301
3016 0.02622239847736852 -0.02622225883193959
3017 0.02622239847736852 -0.02622225356637673
3018 0.02622239847736852 -0.0262222538060745
3019 0.02622239847736852 -0.02622225461692937
3020 0.02622239847736852 -0.02622226403672189
3021 0.02622239847736852 -0.02622226425597171
3022 0.02622239847736852 -0.02622226756195973
3023 0.02622239847736852 -0.02622227318102311
3024 0.02622239847736852 -0.02622227801544045
3025 0.02622239847736852 -0.02622228362563948
3026 0.02622239847736852 -0.02622228557433511
3027 0.02622239847736852 -0.02622229231562782
3028 0.02622239847736852 -0.02622229635233528
3029 0.02622239847736852 -0.02622230809747444
3030 0.02622239847736852 -0.02622230873587815
3031 0.02622239847736852 -0.02622231520631866
3032 0.02622239847736852 -0.0262223185638647
3033 0.02622239847736852 -0.02622231980932997
3034 0.02622239847736852 -0.02622232314502361
3035 0.02622239847736852 -0.02622232695918822
3036 0.02622239847736852 -0.02622232859013825
3037 0.02622239847736852 -0.02622232909004267
3038 0.02622239847736852 -0.02622233016100859
3039 0.02622239847736852 -0.02622232984067139
3040 0.02622239847736852 -0.02622233163583492
3041 0.02622239847736852 -0.02622233236706559
3042 0.02622239847736852 -0.02622233175717675
3043 0.02622239847736852 -0.02622233494851161
3044 0.02622239847736852 -0.02622233310820684
3045 0.02622239847736852 -0.02622233906433828
3046 0.02622239847736852 -0.02622234093588962
3047 0.02622239847736852 -0.02622234495203886
3048 0.02622239847736852 -0.02622234845756495
3049 0.02622239847736852 -0.02622235315994387
3050 0.02622239847736852 -0.02622235859380335
3051 0.02622239847736852 -0.02622236556304313
3052 0.02622239847736852 -0.02622237231335955
3053 0.02622239847736852 -0.02622238068929614
3054 0.02622239847736852 -0.02622238678404871
3055 0.02622239847736852 -0.02622239252070793
3056 0.02622239847736852 -0.0262223996382298
3057 0.02622239847736852 -0.02622240559262339
3058 0.02622239847736852 -0.02622241133165131
3059 0.02622239847736852 -0.02622241720527815
3060 0.02622239847736852 -0.02622242205518151
3061 0.02622239847736852 -0.02622242717439981
3062 0.02622239847736852 -0.02622243015372348
3063 0.02622239847736852 -0.02622243495300638
3064 0.02622239847736852 -0.02622243813103772
3065 0.02622239847736852 -0.0262224422976176
3066 0.02622239847736852 -0.02622244457078469
3067 0.02622239847736852 -0.02622244438453666
3068 0.02622239847736852 -0.02622244461453389
3069 0.02622239847736852 -0.02622244401005369
3070 0.02622239847736852 -0.0262224429053316
3071 0.02622239847736852 -0.02622244105950561
3072 0.02622239847736852 -0.02622244053564881
3073 0.02622239847736852 -0.02622244153016316
3074 0.02622239847736852 -0.0262224421735279
3075 0.02622239847736852 -0.02622244218871852
3076 0.02622239847736852 -0.02622244279945946
3077 0.02622239847736852 -0.0262224429896399
3078 0.02622239847736852 -0.02622244933002582
3079 0.02622239847736852 -0.02622244376637523
3080 0.02622239847736852 -0.02622244610551092
3081 0.02622239847736852 -0.02622244703723904
3082 0.02622239847736852 -0.02622245398249478
3083 0.02622239847736852 -0.02622245063866424
3084 0.02622239847736852 -0.02622245585320971
3085 0.02622239847736852 -0.0262224534842816
3086 0.02622239847736852 -0.02622245616792332
3087 0.02622239847736852 -0.02622245143777485
3088 0.02622239847736852 -0.0262224562164265
3089 0.02622239847736852 -0.0262224559451416
3090 0.02622239847736852 -0.02622244794114682
3091 0.02622239847736852 -0.02622244086415847
3092 0.02622239847736852 -0.02622243520058914
3093 0.02622239847736852 -0.02622242955484807
3094 0.02622239847736852 -0.02622242468818075
3095 0.02622239847736852 -0.02622241555765149
3096 0.02622239847736852 -0.02622240729300729
3097 0.02622239847736852 -0.02622239650953256
3098 0.02622239847736852 -0.02622238743695476
3099 0.02622239847736852 -0.02622237791188698
3100 0.02622239847736852 -0.02622237004470951
3101 0.02622239847736852 -0.02622236316412998
3102 0.02622239847736852 -0.02622235021368837
3103 0.02622239847736852 -0.02622234666696572
3104 0.02622239847736852 -0.02622233649558505
3105 0.02622239847736852 -0.02622232622081666
3106 0.02622239847736852 -0.02622232451743137
3107 0.02622239847736852 -0.02622232202390376
3108 0.02622239847736852 -0.02622232243716157
3109 0.02622239847736852 -0.02622232460122288
3110 0.02622239847736852 -0.02622232822777148
3111 0.02622239847736852 -0.02622232251099053
3112 0.02622239847736852 -0.02622233517393031
3113 0.02622239847736852 -0.0262223324564984
3114 0.02622239847736852 -0.02622233407674021
3115 0.02622239847736852 -0.02622233757284693
3116 0.02622239847736852 -0.0262223447846768
3117 0.02622239847736852 -0.0262223493479394
3118 0.02622239847736852 -0.02622235458722685
3119 0.02622239847736852 -0.02622236010661736
3120 0.02622239847736852 -0.02622236606288569
3121 0.02622239847736852 -0.02622237039393832
3122 0.02622239847736852 -0.02622237396798189
3123 0.02622239847736852 -0.02622238016643139
3124 0.02622239847736852 -0.02622238193944104
3125 0.02622239847736852 -0.02622238371202413
3126 0.02622239847736852 -0.02622238624056269
3127 0.02622239847736852 -0.026222387295327
3128 0.02622239847736852 -0.02622238754497169
3129 0.02622239847736852 -0.02622238761976173
3130 0.02622239847736852 -0.02622238923916959
3131 0.02622239847736852 -0.02622238560208986
3132 0.02622239847736852 -0.02622238257060877
3133 0.02622239847736852 -0.02622237807586626
3134 0.02622239847736852 -0.02622237300960501
3135 0.02622239847736852 -0.02622236881419556
3136 0.02622239847736852 -0.02622236445341793
3137 0.02622239847736852 -0.02622235454969177
3138 0.02622239847736852 -0.02622235192092679
3139 0.02622239847736852 -0.02622234495266377
3140 0.02622239847736852 -0.02622233777187281
3141 0.02622239847736852 -0.02622233476856535
3142 0.02622239847736852 -0.02622232460557371
3143 0.02622239847736852 -0.02622232791489814
3144 0.02622239847736852 -0.02622232161250107
3145 0.02622239847736852 -0.02622232228324315
3146 0.02622239847736852 -0.02622231607306368
3147 0.02622239847736852 -0.02622231755658069
3148 0.02622239847736852 -0.02622231965101425
3149 0.02622239847736852 -0.02622231985328741
3150 0.02622239847736852 -0.0262223263133935
3151 0.02622239847736852 -0.02622232815046184
3152 0.02622239847736852 -0.02622233265998225
3153 0.02622239847736852 -0.02622233773337481
3154 0.02622239847736852 -0.02622234173663293
3155 0.02622239847736852 -0.02622234719925204
3156 0.02622239847736852 -0.02622235236552215
3157 0.02622239847736852 -0.02622236012454209
3158 0.02622239847736852 -0.02622236637610337
3159 0.02622239847736852 -0.02622237332788623
3160 0.02622239847736852 -0.02622238199721346
3161 0.02622239847736852 -0.02622238980425485
3162 0.02622239847736852 -0.02622239672828081
3163 0.02622239847736852 -0.02622240270594813
3164 0.02622239847736852 -0.02622240880719257
3165 0.02622239847736852 -0.02622241696196395
3166 0.02622239847736852 -0.02622242419168987
3167 0.02622239847736852 -0.02622243325786984
3168 0.02622239847736852 -0.02622244205224151
3169 0.02622239847736852 -0.026222452602625
3170 0.02622239847736852 -0.02622246219463354
3171 0.02622239847736852 -0.02622247098782883
3172 0.02622239847736852 -0.0262224756743193
3173 0.02622239847736852 -0.02622248137229367
3174 0.02622239847736852 -0.02622248441232271
3175 0.02622239847736852 -0.02622249024864746
3176 0.02622239847736852 -0.02622249391988396
3177 0.02622239847736852 -0.02622250196886178
3178 0.02622239847736852 -0.02622250425015543
3179 0.02622239847736852 -0.02622252404953732
3180 0.02622239847736852 -0.02622250416435894
3181 0.02622239847736852 -0.02622250464824448
3182 0.02622239847736852 -0.02622250009064199
3183 0.02622239847736852 -0.02622249122148961
3184 0.02622239847736852 -0.02622248447852634
3185 0.02622239847736852 -0.02622247949818832
3186 0.02622239847736852 -0.02622246565854939
3187 0.02622239847736852 -0.02622245546799301
3188 0.02622239847736852 -0.02622244201209643
3189 0.02622239847736852 -0.02622242895660637
3190 0.02622239847736852 -0.02622241579382013
3191 0.02622239847736852 -0.02622240238111795
3192 0.02622239847736852 -0.02622238963910554
3193 0.02622239847736852 -0.02622237564319582
3194 0.02622239847736852 -0.02622236319470447
3195 0.02622239847736852 -0.0262223519075328
3196 0.02622239847736852 -0.02622234165071628
3197 0.02622239847736852 -0.02622233203022726
3198 0.02622239847736852 -0.02622232228954264
3199 0.02622239847736852 -0.02622231208133617
3200 0.02622239847736852 -0.02622230848929452
3201 0.02622239847736852 -0.02622229963588771
3202 0.02622239847736852 -0.02622229352890339
3203 0.02622239847736852 -0.02622229115945319
3204 0.02622239847736852 -0.02622229484168347
3205 0.02622239847736852 -0.02622228917679896
3206 0.02622239847736852 -0.0262222844009885
3207 0.02622239847736852 -0.02622228622012441
3208 0.02622239847736852 -0.02622229262036507
3209 0.02622239847736852 -0.02622229064052447
3210 0.02622239847736852 -0.0262222973440114
3211 0.02622239847736852 -0.02622228890340722
3212 0.02622239847736852 -0.02622229048984811
3213 0.02622239847736852 -0.02622229431043011
3214 0.02622239847736852 -0.02622229890566352
3215 0.02622239847736852 -0.02622230920969141
3216 0.02622239847736852 -0.02622230769368243
3217 0.02622239847736852 -0.02622231214288019
3218 0.02622239847736852 -0.02622231761209893
3219 0.02622239847736852 -0.02622232588529163
3220 0.02622239847736852 -0.02622233267779588
3221 0.02622239847736852 -0.02622234171974654
3222 0.02622239847736852 -0.02622235071922956
3223 0.02622239847736852 -0.02622236022364862
3224 0.02622239847736852 -0.02622237161404957
3225 0.02622239847736852 -0.02622238163282388
3226 0.02622239847736852 -0.02622239083320658
3227 0.02622239847736852 -0.02622240051548798
3228 0.02622239847736852 -0.0262224076722258
3229 0.02622239847736852 -0.0262224174264509
3230 0.02622239847736852 -0.02622242628004161
3231 0.02622239847736852 -0.02622243543742701
3232 0.02622239847736852 -0.02622244444384099
3233 0.02622239847736852 -0.0262224515578091
3234 0.02622239847736852 -0.02622245898234224
3235 0.02622239847736852 -0.0262224654734183
3236 0.02622239847736852 -0.02622247413692435
3237 0.02622239847736852 -0.02622247459652492
3238 0.02622239847736852 -0.02622248062463001
3239 0.02622239847736852 -0.02622248545084189
3240 0.02622239847736852 -0.02622248811724089
3241 0.02622239847736852 -0.02622249230973321
3242 0.02622239847736852 -0.0262224931155491
3243 0.02622239847736852 -0.0262224959797463
3244 0.02622239847736852 -0.02622249891214692
3245 0.02622239847736852 -0.02622249671368774
3246 0.02622239847736852 -0.02622249681755582
3247 0.02622239847736852 -0.02622249352141643
3248 0.02622239847736852 -0.02622248536800193
3249 0.02622239847736852 -0.02622247992180292
3250 0.02622239847736852 -0.02622247119051401
3251 0.02622239847736852 -0.02622246410535904
3252 0.02622239847736852 -0.02622245295338316
3253 0.02622239847736852 -0.02622244227522232
3254 0.02622239847736852 -0.02622243103851745
3255 0.02622239847736852 -0.02622241723258241
3256 0.02622239847736852 -0.02622240271972861
3257 0.02622239847736852 -0.02622238708230029
3258 0.02622239847736852 -0.0262223718218279
3259 0.02622239847736852 -0.02622235690930521
3260 0.02622239847736852 -0.02622234219793966
3261 0.02622239847736852 -0.0262223287591242
3262 0.02622239847736852 -0.02622232267955111
3263 0.02622239847736852 -0.0262223043969578
3264 0.02622239847736852 -0.02622229647999564
3265 0.02622239847736852 -0.02622228052053854
3266 0.02622239847736852 -0.02622227140088524
3267 0.02622239847736852 -0.02622226472129686
3268 0.02622239847736852 -0.0262222772834876
3269 0.02622239847736852 -0.02622225646458386
3270 0.02622239847736852 -0.02622228997151997
3271 0.02622239847736852 -0.02622226371870119
3272 0.02622239847736852 -0.02622228638461174
3273 0.02622239847736852 -0.02622227054750003
3274 0.02622239847736852 -0.02622227837191926
3275 0.02622239847736852 -0.02622227553087718
3276 0.02622239847736852 -0.02622227875429894
3277 0.02622239847736852 -0.02622228263824341
3278 0.02622239847736852 -0.026222286636541
3279 0.02622239847736852 -0.02622229344966979
3280 0.02622239847736852 -0.02622229688750628
3281 0.02622239847736852 -0.02622230371416738
3282 0.02622239847736852 -0.02622231051145716
3283 0.02622239847736852 -0.02622231761617536
3284 0.02622239847736852 -0.02622232615921596
3285 0.02622239847736852 -0.02622233418665445
3286 0.02622239847736852 -0.02622234558151749
3287 0.02622239847736852 -0.02622235385181122
3288 0.02622239847736852 -0.02622236424094978
3289 0.02622239847736852 -0.02622237435079059
3290 0.02622239847736852 -0.02622238568273329
3291 0.02622239847736852 -0.02622239885285903
3292 0.02622239847736852 -0.02622241036894947
3293 0.02622239847736852 -0.02622242143589033
3294 0.02622239847736852 -0.02622243174819369
3295 0.02622239847736852 -0.02622244230621434
3296 0.02622239847736852 -0.02622245078735179
3297 0.02622239847736852 -0.02622245963666275
3298 0.02622239847736852 -0.02622247043903789
3299 0.02622239847736852 -0.026222473363045
3300 0.02622239847736852 -0.02622246813057709
3301 0.02622239847736852 -0.02622247976997754
3302 0.02622239847736852 -0.02622247302220904
3303 0.02622239847736852 -0.02622248018399859
3304 0.02622239847736852 -0.02622248203580527
3305 0.02622239847736852 -0.02622247420492592
3306 0.02622239847736852 -0.02622247832695651
3307 0.02622239847736852 -0.02622245374458429
3308 0.02622239847736852 -0.02622247057248936
3309 0.02622239847736852 -0.02622246780913129
3310 0.02622239847736852 -0.02622245323289282
3311 0.02622239847736852 -0.02622244955829814
3312 0.02622239847736852 -0.02622244702961
3313 0.02622239847736852 -0.02622244344002555
3314 0.02622239847736852 -0.02622242134013803
3315 0.02622239847736852 -0.02622242349400036
3316 0.02622239847736852 -0.02622241409642579
3317 0.02622239847736852 -0.02622240666542332
3318 0.02622239847736852 -0.02622240011731525
3319 0.02622239847736852 -0.02622239292437594
3320 0.02622239847736852 -0.02622238604603754
3321 0.02622239847736852 -0.02622237918434225
3322 0.02622239847736852 -0.02622237616901073
3323 0.02622239847736852 -0.02622236856262742
3324 0.02622239847736852 -0.02622236059060948
3325 0.02622239847736852 -0.02622236216762238
3326 0.02622239847736852 -0.02622235786447366
3327 0.02622239847736852 -0.02622235692456135
3328 0.02622239847736852 -0.02622235388368508
3329 0.02622239847736852 -0.02622235542181816
3330 0.02622239847736852 -0.02622235101856729
3331 0.02622239847736852 -0.02622234823180953
3332 0.02622239847736852 -0.02622234880218649
3333 0.02622239847736852 -0.02622235040709119
3334 0.02622239847736852 -0.02622235857926132
3335 0.02622239847736852 -0.02622235366706181
3336 0.02622239847736852 -0.02622236208339904
3337 0.02622239847736852 -0.0262223615012844
3338 0.02622239847736852 -0.02622236711788792
3339 0.02622239847736852 -0.02622237180578233
3340 0.02622239847736852 -0.02622237829518903
3341 0.02622239847736852 -0.02622238692782143
3342 0.02622239847736852 -0.02622239037508825
3343 0.02622239847736852 -0.02622239632679057
3344 0.02622239847736852 -0.02622240259208945
3345 0.02622239847736852 -0.02622240857437098
3346 0.02622239847736852 -0.02622241534446085
3347 0.02622239847736852 -0.02622242031757228
3348 0.02622239847736852 -0.02622242437432426
3349 0.02622239847736852 -0.02622243009208637
3350 0.02622239847736852 -0.02622243500325028
3351 0.02622239847736852 -0.02622243587967111
3352 0.02622239847736852 -0.02622243645464405
3353 0.02622239847736852 -0.02622243749780629
3354 0.02622239847736852 -0.02622243443532688
3355 0.02622239847736852 -0.02622243527231772
3356 0.02622239847736852 -0.02622243644937012
3357 0.02622239847736852 -0.02622243824966668
3358 0.02622239847736852 -0.02622243542404935
3359 0.02622239847736852 -0.02622243450833698
3360 0.02622239847736852 -0.02622242890896695
3361 0.02622239847736852 -0.02622242938623921
3362 0.02622239847736852 -0.02622242306577335
3363 0.02622239847736852 -0.02622242087760557
3364 0.02622239847736852 -0.02622241912304556
3365 0.02622239847736852 -0.02622241528177187
3366 0.02622239847736852 -0.02622241133844177
3367 0.02622239847736852 -0.02622240999275114
3368 0.02622239847736852 -0.02622240660040292
3369 0.02622239847736852 -0.02622239677148591
3370 0.02622239847736852 -0.02622239329376842
3371 0.02622239847736852 -0.0262223855111105
3372 0.02622239847736852 -0.02622237868770988
3373 0.02622239847736852 -0.02622237647330056
3374 0.02622239847736852 -0.02622237190562622
3375 0.02622239847736852 -0.0262223652376476
3376 0.02622239847736852 -0.02622236365589955
3377 0.02622239847736852 -0.0262223592248417
3378 0.02622239847736852 -0.02622235670952348
3379 0.02622239847736852 -0.02622234967572446
3380 0.02622239847736852 -0.02622234082322144
3381 0.02622239847736852 -0.02622234388725898
3382 0.02622239847736852 -0.02622234131463129
3383 0.02622239847736852 -0.02622235079853853
3384 0.02622239847736852 -0.02622233864650217
3385 0.02622239847736852 -0.02622235607784366
3386 0.02622239847736852 -0.02622234440483055
3387 0.02622239847736852 -0.02622234943608486
3388 0.02622239847736852 -0.02622234844142769
3389 0.02622239847736852 -0.02622233777426983
3390 0.02622239847736852 -0.02622235512786156
3391 0.02622239847736852 -0.02622235049882713
3392 0.02622239847736852 -0.02622234227589467
3393 0.02622239847736852 -0.02622234713884874
3394 0.02622239847736852 -0.0262223509775477
3395 0.02622239847736852 -0.02622235129246155
3396 0.02622239847736852 -0.02622235075647309
3397 0.02622239847736852 -0.02622234794768091
3398 0.02622239847736852 -0.02622236883263155
3399 0.02622239847736852 -0.02622235329616378
3400 0.02622239847736852 -0.02622235876706852
3401 0.02622239847736852 -0.02622236494178953
3402 0.02622239847736852 -0.0262223688474748
3403 0.02622239847736852 -0.02622237068127867
3404 0.02622239847736852 -0.02622238112494702
3405 0.02622239847736852 -0.02622239441209674
3406 0.02622239847736852 -0.02622238860415005
3407 0.02622239847736852 -0.02622240341429754
3408 0.02622239847736852 -0.02622241118243094
3409 0.02622239847736852 -0.02622241469645122
3410 0.02622239847736852 -0.02622241342777367
3411 0.02622239847736852 -0.02622242708460042
3412 0.02622239847736852 -0.0262224040509685
3413 0.02622239847736852 -0.02622244597593412
3414 0.02622239847736852 -0.02622243756675341
3415 0.02622239847736852 -0.02622243364424601
3416 0.02622239847736852 -0.02622242405876855
3417 0.02622239847736852 -0.02622242765982255
3418 0.02622239847736852 -0.0262224243869363
3419 0.02622239847736852 -0.02622242067383886
3420 0.02622239847736852 -0.02622242552378668
3421 0.02622239847736852 -0.02622242142145579
3422 0.02622239847736852 -0.02622242684594975
3423 0.02622239847736852 -0.02622242183571836
3424 0.02622239847736852 -0.02622242068303806
3425 0.02622239847736852 -0.02622242341810292
3426 0.02622239847736852 -0.0262224183247616
3427 0.02622239847736852 -0.02622241078995033
3428 0.02622239847736852 -0.02622241337934266
3429 0.02622239847736852 -0.02622240606774352
3430 0.02622239847736852 -0.02622240317064249
3431 0.02622239847736852 -0.02622239767010294
3432 0.02622239847736852 -0.02622239386550486
3433 0.02622239847736852 -0.02622239121324458
3434 0.02622239847736852 -0.02622238397766639
3435 0.02622239847736852 -0.02622237832501357
3436 0.02622239847736852 -0.02622236666470174
3437 0.02622239847736852 -0.02622236433325612
3438 0.02622239847736852 -0.02622234804534028
3439 0.02622239847736852 -0.02622238235791667
3440 0.02622239847736852 -0.02622236208515476
3441 0.02622239847736852 -0.02622234465790416
3442 0.02622239847736852 -0.02622234615366616
3443 0.02622239847736852 -0.02622233170963318
3444 0.02622239847736852 -0.02622234751965935
3445 0.02622239847736852 -0.0262223396467174
3446 0.02622239847736852 -0.02622233904557815
3447 0.02622239847736852 -0.02622233764275412
3448 0.02622239847736852 -0.02622233984497584
3449 0.02622239847736852 -0.02622233827509736
3450 0.02622239847736852 -0.02622233984738168
3451 0.02622239847736852 -0.02622234514685366
3452 0.02622239847736852 -0.02622235093306425
3453 0.02622239847736852 -0.02622235239503564
3454 0.02622239847736852 -0.02622235461591148
3455 0.02622239847736852 -0.0262223532639039
3456 0.02622239847736852 -0.02622235965867929
3457 0.02622239847736852 -0.02622236260101218
3458 0.02622239847736852 -0.02622237064792805
3459 0.02622239847736852 -0.02622237445976466
3460 0.02622239847736852 -0.02622238003066301
3461 0.02622239847736852 -0.02622238509598201
3462 0.02622239847736852 -0.02622239295312544
3463 0.02622239847736852 -0.02622239650524654
3464 0.02622239847736852 -0.02622240548324796
3465 0.02622239847736852 -0.0262224083852313
3466 0.02622239847736852 -0.02622241598402161
3467 0.02622239847736852 -0.02622242402337117
3468 0.02622239847736852 -0.02622242997356365
3469 0.02622239847736852 -0.02622243599582159
3470 0.02622239847736852 -0.02622244367528673
3471 0.02622239847736852 -0.02622243174823588
3472 0.02622239847736852 -0.02622242304519809
3473 0.02622239847736852 -0.02622245352668601
3474 0.02622239847736852 -0.02622240779874793
3475 0.02622239847736852 -0.02622243041984603
3476 0.02622239847736852 -0.02622243652043492
3477 0.02622239847736852 -0.026222433812821
3478 0.02622239847736852 -0.02622241072524477
3479 0.02622239847736852 -0.02622243430604178
3480 0.02622239847736852 -0.02622241331041047
3481 0.02622239847736852 -0.02622241317285621
3482 0.02622239847736852 -0.02622240928573446
3483 0.02622239847736852 -0.02622240325439772
3484 0.02622239847736852 -0.0262223973022702
3485 0.02622239847736852 -0.02622239028980919
3486 0.02622239847736852 -0.02622238567937322
3487 0.02622239847736852 -0.02622238246794867
3488 0.02622239847736852 -0.02622237453371053
3489 0.02622239847736852 -0.02622236657391635
3490 0.02622239847736852 -0.02622236546348845
3491 0.02622239847736852 -0.02622236061376855
3492 0.02622239847736852 -0.02622235360741049
3493 0.02622239847736852 -0.02622235079584087
3494 0.02622239847736852 -0.02622234555065123
3495 0.02622239847736852 -0.02622233507617977
3496 0.02622239847736852 -0.02622234493275972
3497 0.02622239847736852 -0.02622233734551044
3498 0.02622239847736852 -0.02622233558226346
3499 0.02622239847736852 -0.02622233498995466
3500 0.02622239847736852 -0.02622232636060179
3501 0.02622239847736852 -0.02622233213789178
3502 0.02622239847736852 -0.02622233646762778
3503 0.02622239847736852 -0.02622234450460678
3504 0.02622239847736852 -0.02622234294755232
3505 0.02622239847736852 -0.02622234470416817
3506 0.02622239847736852 -0.02622234803581382
3507 0.02622239847736852 -0.026222367512816
3508 0.02622239847736852 -0.02622234633461363
3509 0.02622239847736852 -0.02622237765144054
3510 0.02622239847736852 -0.02622236744073165
3511 0.02622239847736852 -0.02622238366769366
3512 0.02622239847736852 -0.02622238426101097
3513 0.02622239847736852 -0.02622238944134542
3514 0.02622239847736852 -0.02622238358599226
3515 0.02622239847736852 -0.02622239612789756
3516 0.02622239847736852 -0.02622239373540323
3517 0.02622239847736852 -0.026222401020259
3518 0.02622239847736852 -0.0262224060274082
3519 0.02622239847736852 -0.02622240900744627
3520 0.02622239847736852 -0.02622240629332047
3521 0.02622239847736852 -0.02622240948548188
3522 0.02622239847736852 -0.02622240814327207
3523 0.02622239847736852 -0.02622241051291771
3524 0.02622239847736852 -0.02622240844856831
3525 0.02622239847736852 -0.0262224103766754
3526 0.02622239847736852 -0.02622241203236544
3527 0.02622239847736852 -0.02622241307916968
3528 0.02622239847736852 -0.02622241276601199
3529 0.02622239847736852 -0.02622241229565085
3530 0.02622239847736852 -0.02622241138897156
3531 0.02622239847736852 -0.02622241011408319
3532 0.02622239847736852 -0.02622241028553717
3533 0.02622239847736852 -0.02622240926187527
3534 0.02622239847736852 -0.02622240622818316
3535 0.02622239847736852 -0.02622239907374854
3536 0.02622239847736852 -0.02622239661746481
3537 0.02622239847736852 -0.02622239682945871
3538 0.02622239847736852 -0.02622238994846521
3539 0.02622239847736852 -0.02622238263498585
3540 0.02622239847736852 -0.02622236965134376
3541 0.02622239847736852 -0.02622236424950434
3542 0.02622239847736852 -0.02622236025387399
3543 0.02622239847736852 -0.02622235966108886
3544 0.02622239847736852 -0.02622235028077146
3545 0.02622239847736852 -0.02622234461670776
3546 0.02622239847736852 -0.02622233793693071
3547 0.02622239847736852 -0.02622233645487516
3548 0.02622239847736852 -0.02622233319053072
3549 0.02622239847736852 -0.02622235296987085
3550 0.02622239847736852 -0.026222333432587
3551 0.02622239847736852 -0.02622234015206256
3552 0.02622239847736852 -0.02622233913047847
3553 0.02622239847736852 -0.02622234185986198
3554 0.02622239847736852 -0.02622234868298846
3555 0.02622239847736852 -0.02622235047883015
3556 0.02622239847736852 -0.02622234367251915
3557 0.02622239847736852 -0.02622235069116619
3558 0.02622239847736852 -0.02622234077440965
3559 0.02622239847736852 -0.02622235144134462
3560 0.02622239847736852 -0.02622234063638848
3561 0.02622239847736852 -0.02622234381350982
3562 0.02622239847736852 -0.02622236616955555
3563 0.02622239847736852 -0.02622235366206779
3564 0.02622239847736852 -0.02622236018928895
3565 0.02622239847736852 -0.02622235928895359
3566 0.02622239847736852 -0.02622235769801923
3567 0.02622239847736852 -0.02622236191818988
3568 0.02622239847736852 -0.02622236173521955
3569 0.02622239847736852 -0.02622237966182137
3570 0.02622239847736852 -0.02622237034751474
3571 0.02622239847736852 -0.02622237461597049
3572 0.02622239847736852 -0.02622238067518879
3573 0.02622239847736852 -0.02622238313377445
3574 0.02622239847736852 -0.02622238659130074
3575 0.02622239847736852 -0.02622239241539194
3576 0.02622239847736852 -0.02622239640928799
3577 0.02622239847736852 -0.02622240116190378
3578 0.02622239847736852 -0.0262224071141474
3579 0.02622239847736852 -0.0262224119582099
3580 0.02622239847736852 -0.02622241396063371
3581 0.02622239847736852 -0.02622241877791172
3582 0.02622239847736852 -0.02622242319212289
3583 0.02622239847736852 -0.02622242508452307
3584 0.02622239847736852 -0.02622242647182518
3585 0.02622239847736852 -0.0262224297501149
3586 0.02622239847736852 -0.02622243321525404
3587 0.02622239847736852 -0.02622243647711658
3588 0.02622239847736852 -0.02622243558827732
3589 0.02622239847736852 -0.02622243179642487
3590 0.02622239847736852 -0.02622242894705724
3591 0.02622239847736852 -0.02622242842022596
3592 0.02622239847736852 -0.02622242665458892
3593 0.02622239847736852 -0.02622242546163085
3594 0.02622239847736852 -0.02622241837246303
3595 0.02622239847736852 -0.02622241562503791
3596 0.02622239847736852 -0.0262224148522172
3597 0.02622239847736852 -0.02622240870299864
3598 0.02622239847736852 -0.02622240348168909
3599 0.02622239847736852 -0.02622239934179752
3600 0.02622239847736852 -0.02622239444485963
3601 0.02622239847736852 -0.02622238944823867
3602 0.02622239847736852 -0.02622238577763288
3603 0.02622239847736852 -0.02622238311224914
3604 0.02622239847736852 -0.02622237939008248
3605 0.02622239847736852 -0.02622237531781311
3606 0.02622239847736852 -0.02622237544262782
3607 0.02622239847736852 -0.02622237210622535
3608 0.02622239847736852 -0.02622236662988577
3609 0.02622239847736852 -0.02622236265077551
3610 0.02622239847736852 -0.02622236812788344
3611 0.02622239847736852 -0.02622236486569419
3612 0.02622239847736852 -0.02622236537271722
3613 0.02622239847736852 -0.02622236462247723
3614 0.02622239847736852 -0.02622236544743635
3615 0.02622239847736852 -0.02622236190743085
3616 0.02622239847736852 -0.02622236129287099
3617 0.02622239847736852 -0.02622235181488471
3618 0.02622239847736852 -0.02622236555442467
3619 0.02622239847736852 -0.02622235409272653
3620 0.02622239847736852 -0.02622235136890722
3621 0.02622239847736852 -0.02622234898148233
3622 0.02622239847736852 -0.02622235138678057
3623 0.02622239847736852 -0.02622235277704133
3624 0.02622239847736852 -0.02622235376518071
3625 0.02622239847736852 -0.02622236078947103
3626 0.02622239847736852 -0.02622235521433204
3627 0.02622239847736852 -0.02622235360905434
3628 0.02622239847736852 -0.02622235080747256
3629 0.02622239847736852 -0.0262223523205224
3630 0.02622239847736852 -0.02622235834009929
3631 0.02622239847736852 -0.02622235009607353
3632 0.02622239847736852 -0.02622235857341053
3633 0.02622239847736852 -0.02622235856606223
3634 0.02622239847736852 -0.02622235899558663
3635 0.02622239847736852 -0.02622235969291902
3636 0.02622239847736852 -0.02622236692498108
3637 0.02622239847736852 -0.02622236742981986
3638 0.02622239847736852 -0.02622236845894224
3639 0.02622239847736852 -0.02622236813403378
3640 0.02622239847736852 -0.02622237111514287
3641 0.02622239847736852 -0.02622237501855251
3642 0.02622239847736852 -0.02622237839581261
3643 0.02622239847736852 -0.02622238474374586
3644 0.02622239847736852 -0.02622238928632589
3645 0.02622239847736852 -0.02622238968040584
3646 0.02622239847736852 -0.02622239109177577
3647 0.02622239847736852 -0.02622239103058097
3648 0.02622239847736852 -0.02622239287700078
3649 0.02622239847736852 -0.02622239524127848
3650 0.02622239847736852 -0.02622239773465227
3651 0.02622239847736852 -0.02622239871405177
3652 0.02622239847736852 -0.0262223974179342
3653 0.02622239847736852 -0.02622239783014103
3654 0.02622239847736852 -0.02622239776057418
3655 0.02622239847736852 -0.02622239980015918
3656 0.02622239847736852 -0.02622240091669267
3657 0.02622239847736852 -0.02622240046716942
3658 0.02622239847736852 -0.02622240118042898
3659 0.02622239847736852 -0.02622240139958035
3660 0.02622239847736852 -0.02622240391471587
3661 0.02622239847736852 -0.02622240529618057
3662 0.02622239847736852 -0.02622240845142111
3663 0.02622239847736852 -0.02622240972267035
3664 0.02622239847736852 -0.02622241555128686
3665 0.02622239847736852 -0.02622241903932217
3666 0.02622239847736852 -0.02622242117747937
3667 0.02622239847736852 -0.0262224226601191
3668 0.02622239847736852 -0.02622241722091146
3669 0.02622239847736852 -0.02622242361603067
3670 0.02622239847736852 -0.02622242587599987
3671 0.02622239847736852 -0.02622242985404276
3672 0.02622239847736852 -0.02622243229026809
3673 0.02622239847736852 -0.02622243283558551
3674 0.02622239847736852 -0.02622243440383895
3675 0.02622239847736852 -0.02622243376712522
3676 0.02622239847736852 -0.02622243189761236
3677 0.02622239847736852 -0.02622242806670771
3678 0.02622239847736852 -0.02622242543183998
3679 0.02622239847736852 -0.02622242164053186
3680 0.02622239847736852 -0.02622241743222714
3681 0.02622239847736852 -0.02622241359073819
3682 0.02622239847736852 -0.02622240973340506
3683 0.02622239847736852 -0.02622240432815699
3684 0.02622239847736852 -0.02622239945774751
3685 0.02622239847736852 -0.02622239706939611
3686 0.02622239847736852 -0.02622239157666687
3687 0.02622239847736852 -0.02622238553632905
3688 0.02622239847736852 -0.02622238140034074
3689 0.02622239847736852 -0.02622237636817688
3690 0.02622239847736852 -0.02622237814210674
3691 0.02622239847736852 -0.02622237040582545
3692 0.02622239847736852 -0.02622236805288177
3693 0.02622239847736852 -0.02622236829029715
3694 0.02622239847736852 -0.02622237369868593
3695 0.02622239847736852 -0.02622237339360751
3696 0.02622239847736852 -0.02622237578344361
3697 0.02622239847736852 -0.0262223813387785
3698 0.02622239847736852 -0.02622238136981767
3699 0.02622239847736852 -0.02622238420127116
3700 0.02622239847736852 -0.02622238828461965
3701 0.02622239847736852 -0.02622239427739577
3702 0.02622239847736852 -0.02622239911464575
3703 0.02622239847736852 -0.02622239958135157
3704 0.02622239847736852 -0.02622240264988838
3705 0.02622239847736852 -0.02622240450819279
3706 0.02622239847736852 -0.02622240680638853
3707 0.02622239847736852 -0.02622240958765516
3708 0.02622239847736852 -0.02622241165318701
3709 0.02622239847736852 -0.02622241520301303
3710 0.02622239847736852 -0.02622241875016886
3711 0.02622239847736852 -0.02622241762400689
3712 0.02622239847736852 -0.02622241697330085
3713 0.02622239847736852 -0.026222416487878
3714 0.02622239847736852 -0.02622241642037921
3715 0.02622239847736852 -0.02622241373763708
3716 0.02622239847736852 -0.02622241151877727
3717 0.02622239847736852 -0.02622240798453701
3718 0.02622239847736852 -0.0262224056934442
3719 0.02622239847736852 -0.02622240268745028
3720 0.02622239847736852 -0.02622239887215739
3721 0.02622239847736852 -0.02622239716211947
3722 0.02622239847736852 -0.02622239775748383
3723 0.02622239847736852 -0.02622239565567534
3724 0.02622239847736852 -0.02622239480580375
3725 0.02622239847736852 -0.02622239209379713
3726 0.02622239847736852 -0.02622238873907196
3727 0.02622239847736852 -0.02622238687740966
3728 0.02622239847736852 -0.02622238658554182
3729 0.02622239847736852 -0.02622238888307569
3730 0.02622239847736852 -0.0262223898051069
3731 0.02622239847736852 -0.026222390104598
3732 0.02622239847736852 -0.02622239200437181
3733 0.02622239847736852 -0.02622239431010246
3734 0.02622239847736852 -0.02622239474667071
3735 0.02622239847736852 -0.02622239563493966
3736 0.02622239847736852 -0.02622239751202007
3737 0.02622239847736852 -0.02622239894332681
3738 0.02622239847736852 -0.02622240056925686
3739 0.02622239847736852 -0.0262224025226265
3740 0.02622239847736852 -0.02622240473433177
3741 0.02622239847736852 -0.02622240898314905
3742 0.02622239847736852 -0.0262224081474212
3743 0.02622239847736852 -0.02622240190416463
3744 0.02622239847736852 -0.02622240262599688
3745 0.02622239847736852 -0.02622240096938633
3746 0.02622239847736852 -0.02622239961098042
3747 0.02622239847736852 -0.0262223992183953
3748 0.02622239847736852 -0.02622239890430914
3749 0.02622239847736852 -0.0262223962150354
3750 0.02622239847736852 -0.02622239120350465
3751 0.02622239847736852 -0.02622238926897234
3752 0.02622239847736852 -0.02622238652926405
3753 0.02622239847736852 -0.02622238505374452
3754 0.02622239847736852 -0.02622238196741888
3755 0.02622239847736852 -0.02622238021327399
3756 0.02622239847736852 -0.02622237776838446
3757 0.02622239847736852 -0.02622237562605617
3758 0.02622239847736852 -0.02622237131433969
3759 0.02622239847736852 -0.02622236850133436
3760 0.02622239847736852 -0.02622237216844116
3761 0.02622239847736852 -0.02622236554150308
3762 0.02622239847736852 -0.02622237992242562
3763 0.02622239847736852 -0.0262223737939898
3764 0.02622239847736852 -0.02622237225171253
3765 0.02622239847736852 -0.02622236963722826
3766 0.02622239847736852 -0.02622236792949045
3767 0.02622239847736852 -0.02622237212710244
3768 0.02622239847736852 -0.02622236964977529
3769 0.02622239847736852 -0.02622236900404708
3770 0.02622239847736852 -0.02622236900457685
3771 0.02622239847736852 -0.02622237095948202
3772 0.02622239847736852 -0.0262223710612948
3773 0.02622239847736852 -0.02622237562519483
3774 0.02622239847736852 -0.02622237888374827
3775 0.02622239847736852 -0.02622237986931618
3776 0.02622239847736852 -0.02622238377144733
3777 0.02622239847736852 -0.02622238711478384
3778 0.02622239847736852 -0.02622238968963638
3779 0.02622239847736852 -0.02622238750737424
3780 0.02622239847736852 -0.0262223898255921
3781 0.02622239847736852 -0.02622238990572681
3782 0.02622239847736852 -0.02622239172393997
3783 0.02622239847736852 -0.02622239319637349
3784 0.02622239847736852 -0.02622239497902082
3785 0.02622239847736852 -0.02622239591456114
3786 0.02622239847736852 -0.02622239407673287
3787 0.02622239847736852 -0.02622239536603033
3788 0.02622239847736852 -0.02622239264790192
3789 0.02622239847736852 -0.02622239229884186
3790 0.02622239847736852 -0.02622239168196883
3791 0.02622239847736852 -0.02622239054251079
3792 0.02622239847736852 -0.026222388430549
3793 0.02622239847736852 -0.02622238786224833
3794 0.02622239847736852 -0.02622238667509017
3795 0.02622239847736852 -0.02622238756218046
3796 0.02622239847736852 -0.02622238602168872
3797 0.02622239847736852 -0.02622238438472202
3798 0.02622239847736852 -0.02622238447337797
3799 0.02622239847736852 -0.02622238362693532
3800 0.02622239847736852 -0.02622238492972982
3801 0.02622239847736852 -0.02622238397157239
3802 0.02622239847736852 -0.02622238394621709
3803 0.02622239847736852 -0.026222387658234
3804 0.02622239847736852 -0.02622238704767273
3805 0.02622239847736852 -0.0262223879347578
3806 0.02622239847736852 -0.02622239114866897
3807 0.02622239847736852 -0.02622239356467614
3808 0.02622239847736852 -0.02622239327206939
3809 0.02622239847736852 -0.02622239496536862
3810 0.02622239847736852 -0.0262223981504436
3811 0.02622239847736852 -0.02622239988205918
3812 0.02622239847736852 -0.02622240114646211
3813 0.02622239847736852 -0.02622240011927958
3814 0.02622239847736852 -0.02622240151228779
3815 0.02622239847736852 -0.02622240094172652
3816 0.02622239847736852 -0.0262224031110582
3817 0.02622239847736852 -0.02622240524834366
3818 0.02622239847736852 -0.02622240489303615
3819 0.02622239847736852 -0.02622240387029821
3820 0.02622239847736852 -0.02622240173219078
3821 0.02622239847736852 -0.02622239967100629
3822 0.02622239847736852 -0.02622239857454943
3823 0.02622239847736852 -0.02622239694851712
3824 0.02622239847736852 -0.02622239626487929
3825 0.02622239847736852 -0.02622239505900931
3826 0.02622239847736852 -0.02622239387259726
3827 0.02622239847736852 -0.02622239230358223
3828 0.02622239847736852 -0.02622239036379537
3829 0.02622239847736852 -0.02622238986873883
3830 0.02622239847736852 -0.02622238770824548
3831 0.02622239847736852 -0.02622238731861702
3832 0.02622239847736852 -0.0262223858425197
3833 0.02622239847736852 -0.02622238498789568
3834 0.02622239847736852 -0.02622238649041432
3835 0.02622239847736852 -0.02622238550664082
3836 0.02622239847736852 -0.02622238401278239
3837 0.02622239847736852 -0.02622238459126467
3838 0.02622239847736852 -0.02622238360329189
3839 0.02622239847736852 -0.02622238446132705
3840 0.02622239847736852 -0.02622238577347314
3841 0.02622239847736852 -0.02622238631637814
3842 0.02622239847736852 -0.02622238550874245
3843 0.02622239847736852 -0.02622238712823681
3844 0.02622239847736852 -0.02622238486148117
3845 0.02622239847736852 -0.02622238451643112
3846 0.02622239847736852 -0.02622238420176559
3847 0.02622239847736852 -0.02622238421422411
3848 0.02622239847736852 -0.02622238540636
3849 0.02622239847736852 -0.02622238552325787
3850 0.02622239847736852 -0.02622238644132294
3851 0.02622239847736852 -0.02622238654003024
3852 0.02622239847736852 -0.02622238798324501
3853 0.02622239847736852 -0.02622238894339406
3854 0.02622239847736852 -0.0262223889919606
3855 0.02622239847736852 -0.02622238960719375
3856 0.02622239847736852 -0.02622239018137393
3857 0.02622239847736852 -0.02622238993559534
3858 0.02622239847736852 -0.02622238830121983
3859 0.02622239847736852 -0.02622238835385361
3860 0.02622239847736852 -0.02622238964300259
3861 0.02622239847736852 -0.02622239038480939
3862 0.02622239847736852 -0.02622238802206139
3863 0.02622239847736852 -0.02622238412652275
3864 0.02622239847736852 -0.02622238471108426
3865 0.02622239847736852 -0.02622238450300873
3866 0.02622239847736852 -0.02622238479473568
3867 0.02622239847736852 -0.02622238179301185
3868 0.02622239847736852 -0.02622237754008853
3869 0.02622239847736852 -0.0262223743288568
3870 0.02622239847736852 -0.02622237737764244
3871 0.02622239847736852 -0.02622237237387808
3872 0.02622239847736852 -0.02622237282702163
3873 0.02622239847736852 -0.02622237366522041
3874 0.02622239847736852 -0.02622237242197784
3875 0.02622239847736852 -0.02622237308461342
3876 0.02622239847736852 -0.02622237533927351
3877 0.02622239847736852 -0.0262223722441867
3878 0.02622239847736852 -0.02622238576649902
3879 0.02622239847736852 -0.02622237936429994
3880 0.02622239847736852 -0.02622238106734909
3881 0.02622239847736852 -0.02622238017631003
3882 0.02622239847736852 -0.02622238186912096
3883 0.02622239847736852 -0.02622238540676953
3884 0.02622239847736852 -0.02622238958348229
3885 0.02622239847736852 -0.02622239345959996
3886 0.02622239847736852 -0.02622239624664749
3887 0.02622239847736852 -0.02622240212580073
3888 0.02622239847736852 -0.02622240739231953
3889 0.02622239847736852 -0.02622241057053686
3890 0.02622239847736852 -0.02622241089744407
3891 0.02622239847736852 -0.02622241296011247
3892 0.02622239847736852 -0.02622241463026109
3893 0.02622239847736852 -0.02622241712479027
3894 0.02622239847736852 -0.02622241841446088
3895 0.02622239847736852 -0.02622241757353435
3896 0.02622239847736852 -0.02622241272018897
3897 0.02622239847736852 -0.02622241657201845
3898 0.02622239847736852 -0.02622241965585683
3899 0.02622239847736852 -0.02622242115634536
3900 0.02622239847736852 -0.02622241837182709
3901 0.02622239847736852 -0.02622241325174933
3902 0.02622239847736852 -0.02622240936797894
3903 0.02622239847736852 -0.02622240674604324
3904 0.02622239847736852 -0.02622240471023458
3905 0.02622239847736852 -0.02622240315949256
3906 0.02622239847736852 -0.02622240313435185
3907 0.02622239847736852 -0.02622240049966024
3908 0.02622239847736852 -0.02622239655855196
3909 0.02622239847736852 -0.02622239473806151
3910 0.02622239847736852 -0.02622239367794986
3911 0.02622239847736852 -0.02622239144283856
3912 0.02622239847736852 -0.02622239086504684
3913 0.02622239847736852 -0.02622238899119061
3914 0.02622239847736852 -0.02622238840094855
3915 0.02622239847736852 -0.02622239012290707
3916 0.02622239847736852 -0.02622238939009795
3917 0.02622239847736852 -0.02622239067287442
3918 0.02622239847736852 -0.02622239155605452
3919 0.02622239847736852 -0.02622238975718623
3920 0.02622239847736852 -0.02622238640179193
3921 0.02622239847736852 -0.02622238409830309
3922 0.02622239847736852 -0.02622238365139613
3923 0.02622239847736852 -0.0262223837861502
3924 0.02622239847736852 -0.02622238417110023
3925 0.02622239847736852 -0.02622238414997863
3926 0.02622239847736852 -0.02622238618622092
3927 0.02622239847736852 -0.02622238740168161
3928 0.02622239847736852 -0.02622238798424043
3929 0.02622239847736852 -0.02622238870247198
3930 0.02622239847736852 -0.02622238862838016
3931 0.02622239847736852 -0.0262223886011222
3932 0.02622239847736852 -0.02622238944136136
3933 0.02622239847736852 -0.02622239023396804
3934 0.02622239847736852 -0.02622239216641045
3935 0.02622239847736852 -0.02622239308351221
3936 0.02622239847736852 -0.02622239642516872
3937 0.02622239847736852 -0.02622239962281889
3938 0.02622239847736852 -0.0262224031297192
3939 0.02622239847736852 -0.02622240180153852
3940 0.02622239847736852 -0.02622239710738444
3941 0.02622239847736852 -0.0262223909760006
3942 0.02622239847736852 -0.02622239196807113
3943 0.02622239847736852 -0.02622239308849108
3944 0.02622239847736852 -0.02622239279164742
3945 0.02622239847736852 -0.02622239054467829
3946 0.02622239847736852 -0.02622238863337358
3947 0.02622239847736852 -0.02622238968639959
3948 0.02622239847736852 -0.0262223878059058
3949 0.02622239847736852 -0.02622238687763004
3950 0.02622239847736852 -0.02622238733162882
3951 0.02622239847736852 -0.02622238661716391
3952 0.02622239847736852 -0.02622238731679117
3953 0.02622239847736852 -0.02622238586907124
3954 0.02622239847736852 -0.02622238499778857
3955 0.02622239847736852 -0.02622238497979489
3956 0.02622239847736852 -0.0262223862034404
3957 0.02622239847736852 -0.02622238593011244
3958 0.02622239847736852 -0.02622238778033587
3959 0.02622239847736852 -0.0262223888695958
3960 0.02622239847736852 -0.02622239672690448
3961 0.02622239847736852 -0.02622239947814831
3962 0.02622239847736852 -0.02622240374039628
3963 0.02622239847736852 -0.02622240637167898
3964 0.02622239847736852 -0.02622241014769482
3965 0.02622239847736852 -0.0262224132572106
3966 0.02622239847736852 -0.02622241573170971
3967 0.02622239847736852 -0.02622241577572926
3968 0.02622239847736852 -0.02622241862910356
3969 0.02622239847736852 -0.02622242179363101
3970 0.02622239847736852 -0.02622242213714675
3971 0.02622239847736852 -0.02622242322901001
3972 0.02622239847736852 -0.02622241950541481
3973 0.02622239847736852 -0.02622241896003101
3974 0.02622239847736852 -0.0262224222964297
3975 0.02622239847736852 -0.02622241309715553
3976 0.02622239847736852 -0.02622241958209474
3977 0.02622239847736852 -0.02622241887770397
3978 0.02622239847736852 -0.02622242008016739
3979 0.02622239847736852 -0.02622242086205639
3980 0.02622239847736852 -0.02622241920932944
3981 0.02622239847736852 -0.02622241851263374
3982 0.02622239847736852 -0.0262224195893327
3983 0.02622239847736852 -0.0262224216861557
3984 0.02622239847736852 -0.02622241987785007
3985 0.02622239847736852 -0.02622241943943893
3986 0.02622239847736852 -0.0262224198039581
3987 0.02622239847736852 -0.02622242281188018
3988 0.02622239847736852 -0.02622242482763805
3989 0.02622239847736852 -0.02622242273296424
3990 0.02622239847736852 -0.02622241869591288
3991 0.02622239847736852 -0.02622241684907311
3992 0.02622239847736852 -0.02622241410462008
3993 0.02622239847736852 -0.0262224139292578
3994 0.02622239847736852 -0.02622241324840102
3995 0.02622239847736852 -0.02622241271765435
3996 0.02622239847736852 -0.02622241274403561
3997 0.02622239847736852 -0.02622241192675098
3998 0.02622239847736852 -0.02622241134154111
3999 0.02622239847736852 -0.02622240883399886
4000 0.02622239847736852 -0.02622240924663827
4001 0.02622239847736852 -0.02622240893202341
4002 0.02622239847736852 -0.02622240899817247
4003 0.02622239847736852 -0.0262224139623176
4004 0.02622239847736852 -0.02622241014385648
4005 0.02622239847736852 -0.0262224085035296
4006 0.02622239847736852 -0.02622240982924403
4007 0.02622239847736852 -0.02622240988182724
4008 0.02622239847736852 -0.02622241092018703
4009 0.02622239847736852 -0.02622240994670986
4010 0.02622239847736852 -0.02622240735111002
4011 0.02622239847736852 -0.02622240583913888
4012 0.02622239847736852 -0.02622240439190619
4013 0.02622239847736852 -0.02622240381251591
4014 0.02622239847736852 -0.02622240374824412
4015 0.02622239847736852 -0.026222399253187
4016 0.02622239847736852 -0.02622239717703172
4017 0.02622239847736852 -0.02622239795785879
4018 0.02622239847736852 -0.02622239531104451
4019 0.02622239847736852 -0.02622239441990246
4020 0.02622239847736852 -0.02622239211648266
4021 0.02622239847736852 -0.02622239518034026
4022 0.02622239847736852 -0.02622239544331812
4023 0.02622239847736852 -0.02622239541032759
4024 0.02622239847736852 -0.02622239483261563
4025 0.02622239847736852 -0.02622239487060396
4026 0.02622239847736852 -0.0262223949311241
4027 0.02622239847736852 -0.02622239539078196
4028 0.02622239847736852 -0.02622239628480658
4029 0.02622239847736852 -0.02622239529793054
4030 0.02622239847736852 -0.02622239798225732
4031 0.02622239847736852 -0.02622239959731668
4032 0.02622239847736852 -0.02622240403502557
4033 0.02622239847736852 -0.0262224048096139
4034 0.02622239847736852 -0.02622240453461002
4035 0.02622239847736852 -0.0262224047601236
4036 0.02622239847736852 -0.02622240437435084
4037 0.02622239847736852 -0.02622240575779992
4038 0.02622239847736852 -0.02622240856519464
4039 0.02622239847736852 -0.026222411603078
4040 0.02622239847736852 -0.02622241304803868
4041 0.02622239847736852 -0.02622241450394046
4042 0.02622239847736852 -0.02622241478911796
4043 0.02622239847736852 -0.02622241674836273
4044 0.02622239847736852 -0.02622242092012093
4045 0.02622239847736852 -0.02622242304993961
4046 0.02622239847736852 -0.02622242544471077
4047 0.02622239847736852 -0.02622242628598765
4048 0.02622239847736852 -0.0262224260010126
4049 0.02622239847736852 -0.02622243490771709
4050 0.02622239847736852 -0.02622243317098984
4051 0.02622239847736852 -0.02622243501276503
4052 0.02622239847736852 -0.02622243636145127
4053 0.02622239847736852 -0.02622243987797071
4054 0.02622239847736852 -0.02622241315469583
4055 0.02622239847736852 -0.02622242739159541
4056 0.02622239847736852 -0.02622242674795486
4057 0.02622239847736852 -0.02622242841076571
4058 0.02622239847736852 -0.02622242616211004
4059 0.02622239847736852 -0.02622241923881775
4060 0.02622239847736852 -0.02622239540275718
4061 0.02622239847736852 -0.02622241722934673
4062 0.02622239847736852 -0.02622240607612907
4063 0.02622239847736852 -0.0262224025112853
4064 0.02622239847736852 -0.02622239771434758
4065 0.02622239847736852 -0.02622239412133496
4066 0.02622239847736852 -0.02622239202470521
4067 0.02622239847736852 -0.02622239132317773
4068 0.02622239847736852 -0.02622239139062865
4069 0.02622239847736852 -0.02622238662330174
4070 0.02622239847736852 -0.02622238716898881
4071 0.02622239847736852 -0.02622238526455706
4072 0.02622239847736852 -0.02622238373003548
4073 0.02622239847736852 -0.02622238382310478
4074 0.02622239847736852 -0.02622238977046269
4075 0.02622239847736852 -0.02622238995801033
4076 0.02622239847736852 -0.02622239131570479
4077 0.02622239847736852 -0.02622239390753314
4078 0.02622239847736852 -0.02622239616561784
4079 0.02622239847736852 -0.02622239907441895
4080 0.02622239847736852 -0.02622240040828447
4081 0.02622239847736852 -0.02622240098144646
4082 0.02622239847736852 -0.02622240165312542
4083 0.02622239847736852 -0.02622239601556055
4084 0.02622239847736852 -0.02622239490314634
4085 0.02622239847736852 -0.0262223811883952
4086 0.02622239847736852 -0.02622238563747911
4087 0.02622239847736852 -0.02622238760285694
4088 0.02622239847736852 -0.02622238293344134
4089 0.02622239847736852 -0.02622237896124731
4090 0.02622239847736852 -0.02622237815617315
4091 0.02622239847736852 -0.02622238358494958
4092 0.02622239847736852 -0.02622237771122138
4093 0.02622239847736852 -0.02622237420983263
4094 0.02622239847736852 -0.02622237120478868
4095 0.02622239847736852 -0.0262223718999176
4096 0.02622239847736852 -0.02622237141510125
4097 0.02622239847736852 -0.02622238297267818
4098 0.02622239847736852 -0.02622237269644219
4099 0.02622239847736852 -0.02622239909517568
4100 0.02622239847736852 -0.02622238298688524
4101 0.02622239847736852 -0.02622238629265262
4102 0.02622239847736852 -0.02622238856008672
4103 0.02622239847736852 -0.02622239442644452
4104 0.02622239847736852 -0.02622239981285227
4105 0.02622239847736852 -0.02622240225647336
4106 0.02622239847736852 -0.0262224044267047
4107 0.02622239847736852 -0.02622240665254733
4108 0.02622239847736852 -0.02622240782041455
4109 0.02622239847736852 -0.02622240983162035
4110 0.02622239847736852 -0.02622241235479597
4111 0.02622239847736852 -0.02622241601092452
4112 0.02622239847736852 -0.02622241837724859
4113 0.02622239847736852 -0.02622242158986602
4114 0.02622239847736852 -0.02622242448461777
4115 0.02622239847736852 -0.02622242533194263
4116 0.02622239847736852 -0.02622242768179937
4117 0.02622239847736852 -0.02622242903732156
4118 0.02622239847736852 -0.02622242962909066
4119 0.02622239847736852 -0.02622242734569878
4120 0.02622239847736852 -0.02622242824939158
4121 0.02622239847736852 -0.02622242350270437
4122 0.02622239847736852 -0.02622242577526157
4123 0.02622239847736852 -0.02622242645538492
4124 0.02622239847736852 -0.02622242572339586
4125 0.02622239847736852 -0.02622241674064673
4126 0.02622239847736852 -0.02622241721340625
4127 0.02622239847736852 -0.02622241436254698
4128 0.02622239847736852 -0.02622241109897841
4129 0.02622239847736852 -0.02622240932035731
4130 0.02622239847736852 -0.02622240961959787
4131 0.02622239847736852 -0.0262224085188456
4132 0.02622239847736852 -0.02622240605832962
4133 0.02622239847736852 -0.026222409364902
4134 0.02622239847736852 -0.02622240486905052
4135 0.02622239847736852 -0.0262224032023708
4136 0.02622239847736852 -0.02622240102164322
4137 0.02622239847736852 -0.02622240270553106
4138 0.02622239847736852 -0.02622240237133479
4139 0.02622239847736852 -0.02622240524880932
4140 0.02622239847736852 -0.02622240184292298
4141 0.02622239847736852 -0.02622240277231808
4142 0.02622239847736852 -0.02622240183699729
4143 0.02622239847736852 -0.02622240156409101
4144 0.02622239847736852 -0.02622240107899958
4145 0.02622239847736852 -0.0262224013598641
4146 0.02622239847736852 -0.02622240152690923
4147 0.02622239847736852 -0.02622240033245352
4148 0.02622239847736852 -0.02622239714925541
4149 0.02622239847736852 -0.02622239744284095
4150 0.02622239847736852 -0.02622239596682499
4151 0.02622239847736852 -0.02622239392557172
4152 0.02622239847736852 -0.02622239431140845
4153 0.02622239847736852 -0.02622239489198077
4154 0.02622239847736852 -0.02622239527454892
4155 0.02622239847736852 -0.02622239445331231
4156 0.02622239847736852 -0.02622240298136114
4157 0.02622239847736852 -0.02622239771253186
4158 0.02622239847736852 -0.02622240202594122
4159 0.02622239847736852 -0.02622240181258051
4160 0.02622239847736852 -0.02622240281933467
4161 0.02622239847736852 -0.0262224069913139
4162 0.02622239847736852 -0.02622240781542366
4163 0.02622239847736852 -0.02622240687225489
4164 0.02622239847736852 -0.0262224053534447
4165 0.02622239847736852 -0.02622240398224441
4166 0.02622239847736852 -0.02622240338580887
4167 0.02622239847736852 -0.02622240342958145
4168 0.02622239847736852 -0.02622240358486862
4169 0.02622239847736852 -0.02622240403161409
4170 0.02622239847736852 -0.02622240251716745
4171 0.02622239847736852 -0.02622240111805308
4172 0.02622239847736852 -0.02622240288124944
4173 0.02622239847736852 -0.02622240246604493
4174 0.02622239847736852 -0.02622240072604437
4175 0.02622239847736852 -0.02622239785184805
4176 0.02622239847736852 -0.02622239863354883
4177 0.02622239847736852 -0.0262224036575721
4178 0.02622239847736852 -0.02622240030333894
4179 0.02622239847736852 -0.02622240049334732
4180 0.02622239847736852 -0.02622240349842693
4181 0.02622239847736852 -0.0262224040692367
4182 0.02622239847736852 -0.02622240471933803
4183 0.02622239847736852 -0.02622240102349085
4184 0.02622239847736852 -0.0262224041068329
4185 0.02622239847736852 -0.0262224061089721
4186 0.02622239847736852 -0.02622240865116657
4187 0.02622239847736852 -0.02622240917893312
4188 0.02622239847736852 -0.02622241033608499
4189 0.02622239847736852 -0.02622240935174414
4190 0.02622239847736852 -0.02622241043286503
4191 0.02622239847736852 -0.02622241135129457
4192 0.02622239847736852 -0.02622241141910788
4193 0.02622239847736852 -0.02622241084602962
4194 0.02622239847736852 -0.02622241035403362
4195 0.02622239847736852 -0.02622241056483459
4196 0.02622239847736852 -0.02622241276934304
4197 0.02622239847736852 -0.02622241207985506
4198 0.02622239847736852 -0.02622241190783085
4199 0.02622239847736852 -0.02622241140640208
4200 0.02622239847736852 -0.02622240852809809
4201 0.02622239847736852 -0.02622240556649261
4202 0.02622239847736852 -0.0262224030009592
4203 0.02622239847736852 -0.02622240226454848
4204 0.02622239847736852 -0.02622240058402065
4205 0.02622239847736852 -0.02622239600161845
4206 0.02622239847736852 -0.02622239329072439
4207 0.02622239847736852 -0.0262223917130026
4208 0.02622239847736852 -0.02622239142705312
4209 0.02622239847736852 -0.0262223941654106
4210 0.02622239847736852 -0.02622239352366931
4211 0.02622239847736852 -0.02622239311253902
4212 0.02622239847736852 -0.02622239139030707
4213 0.02622239847736852 -0.02622239087691304
4214 0.02622239847736852 -0.02622239447566546
4215 0.02622239847736852 -0.02622239650104622
4216 0.02622239847736852 -0.02622240114723622
4217 0.02622239847736852 -0.02622240352692494
4218 0.02622239847736852 -0.02622240530976098
4219 0.02622239847736852 -0.02622240752315512
4220 0.02622239847736852 -0.02622240990208688
4221 0.02622239847736852 -0.02622241220906033
4222 0.02622239847736852 -0.0262224135508
4223 0.02622239847736852 -0.02622241651334124
4224 0.02622239847736852 -0.02622241955960116
4225 0.02622239847736852 -0.02622242253318867
4226 0.02622239847736852 -0.02622242409167766
4227 0.02622239847736852 -0.0262224222052418
4228 0.02622239847736852 -0.02622241196666349
4229 0.02622239847736852 -0.02622241670454192
4230 0.02622239847736852 -0.0262224117291409
4231 0.02622239847736852 -0.02622241311726107
4232 0.02622239847736852 -0.02622241384052607
4233 0.02622239847736852 -0.02622241287862189
4234 0.02622239847736852 -0.02622240866981939
4235 0.02622239847736852 -0.02622240532309545
4236 0.02622239847736852 -0.02622240037238075
4237 0.02622239847736852 -0.02622239830262818
4238 0.02622239847736852 -0.02622239481220304
4239 0.02622239847736852 -0.02622238958947179
4240 0.02622239847736852 -0.0262223872241293
4241 0.02622239847736852 -0.02622239387787275
4242 0.02622239847736852 -0.02622238110716373
4243 0.02622239847736852 -0.02622237995445787
4244 0.02622239847736852 -0.02622238004299337
4245 0.02622239847736852 -0.02622237737792068
4246 0.02622239847736852 -0.02622237643379534
4247 0.02622239847736852 -0.02622238516395533
4248 0.02622239847736852 -0.02622238153218218
4249 0.02622239847736852 -0.02622238016566889
4250 0.02622239847736852 -0.02622238298548031
4251 0.02622239847736852 -0.02622238468335241
4252 0.02622239847736852 -0.02622238354195277
4253 0.02622239847736852 -0.02622238504073661
4254 0.02622239847736852 -0.02622239038915826
4255 0.02622239847736852 -0.02622239282108618
4256 0.02622239847736852 -0.02622239291626446
4257 0.02622239847736852 -0.02622239302616243
4258 0.02622239847736852 -0.02622239397130727
4259 0.02622239847736852 -0.02622239433088342
4260 0.02622239847736852 -0.02622239769634011
4261 0.02622239847736852 -0.0262223980962707
4262 0.02622239847736852 -0.02622239917167931
4263 0.02622239847736852 -0.02622240167590278
4264 0.02622239847736852 -0.02622240398107013
4265 0.02622239847736852 -0.02622240656276199
4266 0.02622239847736852 -0.02622240841535606
4267 0.02622239847736852 -0.0262224081116051
4268 0.02622239847736852 -0.02622240565146231
4269 0.02622239847736852 -0.02622240448368042
4270 0.02622239847736852 -0.02622240391045483
4271 0.02622239847736852 -0.02622240189614197
4272 0.02622239847736852 -0.02622240108717826
4273 0.02622239847736852 -0.02622240081258246
4274 0.02622239847736852 -0.02622240028814317
4275 0.02622239847736852 -0.02622240265077127
4276 0.02622239847736852 -0.02622240300202252
4277 0.02622239847736852 -0.02622240414186154
4278 0.02622239847736852 -0.02622240328792818
4279 0.02622239847736852 -0.0262223999876376
4280 0.02622239847736852 -0.02622240028902821
4281 0.02622239847736852 -0.02622239894750723
4282 0.02622239847736852 -0.0262223993840138
4283 0.02622239847736852 -0.02622239966956058
4284 0.02622239847736852 -0.02622240030647134
4285 0.02622239847736852 -0.02622240020689088
4286 0.02622239847736852 -0.02622239845233594
4287 0.02622239847736852 -0.02622239670083001
4288 0.02622239847736852 -0.02622239664903734
4289 0.02622239847736852 -0.02622239832730469
4290 0.02622239847736852 -0.02622239389762105
4291 0.02622239847736852 -0.02622238760873472
4292 0.02622239847736852 -0.02622238988841186
4293 0.02622239847736852 -0.02622238555052886
4294 0.02622239847736852 -0.02622238900336404
4295 0.02622239847736852 -0.02622238583427789
4296 0.02622239847736852 -0.02622238445920228
4297 0.02622239847736852 -0.02622238475690681
4298 0.02622239847736852 -0.02622238661741077
4299 0.02622239847736852 -0.02622238782563362
4300 0.02622239847736852 -0.02622238855468809
4301 0.02622239847736852 -0.02622239188322301
4302 0.02622239847736852 -0.02622239213782796
4303 0.02622239847736852 -0.0262223935112165
4304 0.02622239847736852 -0.02622239422576084
4305 0.02622239847736852 -0.02622239845801722
4306 0.02622239847736852 -0.02622240127075795
4307 0.02622239847736852 -0.02622240424512299
4308 0.02622239847736852 -0.02622240925264861
4309 0.02622239847736852 -0.02622241381588777
4310 0.02622239847736852 -0.02622241375499374
4311 0.02622239847736852 -0.0262224144282085
4312 0.02622239847736852 -0.02622239815546102
4313 0.02622239847736852 -0.0262224148914323
4314 0.02622239847736852 -0.02622240347406102
4315 0.02622239847736852 -0.02622240713622205
4316 0.02622239847736852 -0.02622240720457904
4317 0.02622239847736852 -0.02622240679510291
4318 0.02622239847736852 -0.02622239864458407
4319 0.02622239847736852 -0.02622239307711957
4320 0.02622239847736852 -0.02622238948533467
4321 0.02622239847736852 -0.02622238534844431
4322 0.02622239847736852 -0.02622238095817105
4323 0.02622239847736852 -0.02622237650650243
4324 0.02622239847736852 -0.02622237186089146
4325 0.02622239847736852 -0.02622237029172112
4326 0.02622239847736852 -0.02622236968417086
4327 0.02622239847736852 -0.02622236692195147
4328 0.02622239847736852 -0.0262223689281189
4329 0.02622239847736852 -0.02622236465728555
4330 0.02622239847736852 -0.02622236479789464
4331 0.02622239847736852 -0.02622237043051214
4332 0.02622239847736852 -0.02622237323859587
4333 0.02622239847736852 -0.02622237653281741
4334 0.02622239847736852 -0.02622238176652179
4335 0.02622239847736852 -0.02622238554489489
4336 0.02622239847736852 -0.02622238947352935
4337 0.02622239847736852 -0.02622239539475733
4338 0.02622239847736852 -0.02622240142065726
4339 0.02622239847736852 -0.02622240806957987
4340 0.02622239847736852 -0.02622241155469538
4341 0.02622239847736852 -0.02622240823410671
4342 0.02622239847736852 -0.02622240682002005
4343 0.02622239847736852 -0.02622240960222887
4344 0.02622239847736852 -0.02622241138469149
4345 0.02622239847736852 -0.02622241381826502
4346 0.02622239847736852 -0.02622241619406174
4347 0.02622239847736852 -0.02622241453024808
4348 0.02622239847736852 -0.02622240594493006
4349 0.02622239847736852 -0.0262224043643632
4350 0.02622239847736852 -0.02622240139192255
4351 0.02622239847736852 -0.02622239853040586
4352 0.02622239847736852 -0.02622239662286287
4353 0.02622239847736852 -0.02622239404884431
4354 0.02622239847736852 -0.02622239785893146
4355 0.02622239847736852 -0.02622239391553832
4356 0.02622239847736852 -0.02622239091986297
4357 0.02622239847736852 -0.02622239423618785
4358 0.02622239847736852 -0.02622239427356935
4359 0.02622239847736852 -0.02622242131541975
4360 0.02622239847736852 -0.02622239595419797
4361 0.02622239847736852 -0.02622240149607016
4362 0.02622239847736852 -0.02622240415344841
4363 0.02622239847736852 -0.02622240652875101
4364 0.02622239847736852 -0.02622240543190012
4365 0.02622239847736852 -0.02622239252471651
4366 0.02622239847736852 -0.02622239002525314
4367 0.02622239847736852 -0.02622238471289641
4368 0.02622239847736852 -0.0262223845934185
4369 0.02622239847736852 -0.02622238424080147
4370 0.02622239847736852 -0.02622238196432203
4371 0.02622239847736852 -0.02622237945383032
4372 0.02622239847736852 -0.02622237550328509
4373 0.02622239847736852 -0.02622237806853116
4374 0.02622239847736852 -0.02622237570884632
4375 0.02622239847736852 -0.02622238274831647
4376 0.02622239847736852 -0.02622237646010929
4377 0.02622239847736852 -0.02622237613448905
4378 0.02622239847736852 -0.02622237610024026
4379 0.02622239847736852 -0.02622238153437932
4380 0.02622239847736852 -0.02622238871322394
4381 0.02622239847736852 -0.02622239044375633
4382 0.02622239847736852 -0.02622239333648535
4383 0.02622239847736852 -0.02622239571892646
4384 0.02622239847736852 -0.02622239756664218
4385 0.02622239847736852 -0.02622240148913024
4386 0.02622239847736852 -0.02622240583628064
4387 0.02622239847736852 -0.02622241108531537
4388 0.02622239847736852 -0.02622241338865201
4389 0.02622239847736852 -0.0262224086149089
4390 0.02622239847736852 -0.02622240191747389
4391 0.02622239847736852 -0.02622240397042358
4392 0.02622239847736852 -0.02622240555694231
4393 0.02622239847736852 -0.02622240132923925
4394 0.02622239847736852 -0.02622240025208149
4395 0.02622239847736852 -0.02622239742065133
4396 0.02622239847736852 -0.02622239350468932
4397 0.02622239847736852 -0.02622239231654997
4398 0.02622239847736852 -0.02622239702896086
4399 0.02622239847736852 -0.02622239113629466
4400 0.02622239847736852 -0.0262223878213815
4401 0.02622239847736852 -0.02622238820824121
4402 0.02622239847736852 -0.02622239024711184
4403 0.02622239847736852 -0.02622239476985897
4404 0.02622239847736852 -0.02622241645852413
4405 0.02622239847736852 -0.02622239184485164
4406 0.02622239847736852 -0.02622241903062787
4407 0.02622239847736852 -0.02622241309724103
4408 0.02622239847736852 -0.02622241421402398
4409 0.02622239847736852 -0.02622241620747521
4410 0.02622239847736852 -0.0262224172776986
4411 0.02622239847736852 -0.02622241103930677
4412 0.02622239847736852 -0.02622240390249824
4413 0.02622239847736852 -0.02622240394778522
4414 0.02622239847736852 -0.02622240145482994
4415 0.02622239847736852 -0.02622239873428273
4416 0.02622239847736852 -0.02622238720462325
4417 0.02622239847736852 -0.02622238783383567
4418 0.02622239847736852 -0.02622238711328849
4419 0.02622239847736852 -0.02622239744519152
4420 0.02622239847736852 -0.02622239140469731
4421 0.02622239847736852 -0.02622238959052376
4422 0.02622239847736852 -0.02622238685307665
4423 0.02622239847736852 -0.02622238825335322
4424 0.02622239847736852 -0.02622238628263947
4425 0.02622239847736852 -0.02622238739747564
4426 0.02622239847736852 -0.02622240070899642
4427 0.02622239847736852 -0.02622239621634898
4428 0.02622239847736852 -0.02622239682631052
4429 0.02622239847736852 -0.02622240007835564
4430 0.02622239847736852 -0.02622240266985012
4431 0.02622239847736852 -0.0262224075008781
4432 0.02622239847736852 -0.02622241039640382
4433 0.02622239847736852 -0.02622241348982837
4434 0.02622239847736852 -0.02622241679034246
4435 0.02622239847736852 -0.02622241874066995
4436 0.02622239847736852 -0.0262224195272217
4437 0.02622239847736852 -0.02622241226243503
4438 0.02622239847736852 -0.02622241606607573
4439 0.02622239847736852 -0.02622239777811424
4440 0.02622239847736852 -0.02622240674843961
4441 0.02622239847736852 -0.02622241018325391
4442 0.02622239847736852 -0.02622241133168971
4443 0.02622239847736852 -0.02622240866721391
4444 0.02622239847736852 -0.02622240399023489
4445 0.02622239847736852 -0.02622239896020275
4446 0.02622239847736852 -0.02622239910979484
4447 0.02622239847736852 -0.02622239478291055
4448 0.02622239847736852 -0.02622238990714649
4449 0.02622239847736852 -0.02622238998292097
4450 0.02622239847736852 -0.02622239141727565
4451 0.02622239847736852 -0.02622239036419552
4452 0.02622239847736852 -0.02622239148425133
4453 0.02622239847736852 -0.02622238851181741
4454 0.02622239847736852 -0.02622238627864113
4455 0.02622239847736852 -0.02622238556406602
4456 0.02622239847736852 -0.02622238524768574
4457 0.02622239847736852 -0.02622238614401352
4458 0.02622239847736852 -0.02622238721803701
4459 0.02622239847736852 -0.02622238906437086
4460 0.02622239847736852 -0.02622238603921989
4461 0.02622239847736852 -0.02622238694763232
4462 0.02622239847736852 -0.02622238769708898
4463 0.02622239847736852 -0.02622239008679985
4464 0.02622239847736852 -0.02622238671758621
4465 0.02622239847736852 -0.02622238675181204
4466 0.02622239847736852 -0.02622237632423505
4467 0.02622239847736852 -0.02622237623424594
4468 0.02622239847736852 -0.0262223739052973
4469 0.02622239847736852 -0.02622237189802804
4470 0.02622239847736852 -0.02622236973483349
4471 0.02622239847736852 -0.02622237643530637
4472 0.02622239847736852 -0.02622237186338321
4473 0.02622239847736852 -0.02622236435319651
4474 0.02622239847736852 -0.02622247578635695
4475 0.02622239847736852 -0.02622238881268266
4476 0.02622239847736852 -0.02622238815077767
4477 0.02622239847736852 -0.02622238596192474
4478 0.02622239847736852 -0.02622238781114051
4479 0.02622239847736852 -0.02622239455417638
4480 0.02622239847736852 -0.02622239839211591
4481 0.02622239847736852 -0.02622240144741661
4482 0.02622239847736852 -0.02622240165386415
4483 0.02622239847736852 -0.0262224085857467
4484 0.02622239847736852 -0.02622240833613074
4485 0.02622239847736852 -0.02622240991639467
4486 0.02622239847736852 -0.02622241243943304
4487 0.02622239847736852 -0.02622241356879991
4488 0.02622239847736852 -0.02622241487610937
4489 0.02622239847736852 -0.02622241264738745
4490 0.02622239847736852 -0.02622241470594717
4491 0.02622239847736852 -0.02622241738532942
4492 0.02622239847736852 -0.02622241865292492
4493 0.02622239847736852 -0.02622242022346984
4494 0.02622239847736852 -0.02622242136206098
4495 0.02622239847736852 -0.02622242312403738
4496 0.02622239847736852 -0.02622242182066509
4497 0.02622239847736852 -0.02622245327238802
4498 0.02622239847736852 -0.02622243395415976
4499 0.02622239847736852 -0.02622240262010628
4500 0.02622239847736852 -0.02622240319737418
4501 0.02622239847736852 -0.02622233555751401
4502 0.02622239847736852 -0.02622249146201876
4503 0.02622239847736852 -0.02622237104221579
4504 0.02622239847736852 -0.02622236357188958
4505 0.02622239847736852 -0.02622245371753245
4506 0.02622239847736852 -0.02622240718042393
4507 0.02622239847736852 -0.0262223853192082
4508 0.02622239847736852 -0.02622235959188194
4509 0.02622239847736852 -0.0262223608318132
4510 0.02622239847736852 -0.02622239510203375
4511 0.02622239847736852 -0.02622216350058668
4512 0.02622239847736852 -0.0262223260483544
4513 0.02622239847736852 -0.02622233523145909
4514 0.02622239847736852 -0.0262223554033756
4515 0.02622239847736852 -0.02622237537606706
4516 0.02622239847736852 -0.02622237556141336
4517 0.02622239847736852 -0.02622233138383035
4518 0.02622239847736852 -0.02622236558443236
4519 0.02622239847736852 -0.02622238163074398
4520 0.02622239847736852 -0.02622239239552899
4521 0.02622239847736852 -0.02622239691843985
4522 0.02622239847736852 -0.02622239918079196
4523 0.02622239847736852 -0.02622241660032697
4524 0.02622239847736852 -0.02622239324163153
4525 0.02622239847736852 -0.02622240615431085
4526 0.02622239847736852 -0.02622241168224703
4527 0.02622239847736852 -0.02622242293855724
4528 0.02622239847736852 -0.02622239849769529
4529 0.02622239847736852 -0.02622242423053179
4530 0.02622239847736852 -0.02622255044760685
4531 0.02622239847736852 -0.02622242287164409
4532 0.02622239847736852 -0.02622243626890907
4533 0.02622239847736852 -0.02622244037814877
4534 0.02622239847736852 -0.02622244134810001
4535 0.02622239847736852 -0.0262224222936151
4536 0.02622239847736852 -0.02622243436880283
4537 0.02622239847736852 -0.02622242973755428
4538 0.02622239847736852 -0.02622240691416386
4539 0.02622239847736852 -0.02622240410968874
4540 0.02622239847736852 -0.02622234024821203
4541 0.02622239847736852 -0.02622236301596452
4542 0.02622239847736852 -0.02622238674233351
4543 0.02622239847736852 -0.02622234117141665
4544 0.02622239847736852 -0.02622248453036399
4545 0.02622239847736852 -0.02622236626233667
4546 0.02622239847736852 -0.02622237134923875
4547 0.02622239847736852 -0.02622236439812922
4548 0.02622239847736852 -0.02622236021799601
4549 0.02622239847736852 -0.02622235741385814
4550 0.02622239847736852 -0.02622227128520639
4551 0.02622239847736852 -0.02622241195278089
4552 0.02622239847736852 -0.02622234805238704
4553 0.02622239847736852 -0.02622242352066967
4554 0.02622239847736852 -0.02622239439899936
4555 0.02622239847736852 -0.02622239906937615
4556 0.02622239847736852 -0.02622240312022931
4557 0.02622239847736852 -0.02622240655079129
4558 0.02622239847736852 -0.02622241103847705
4559 0.02622239847736852 -0.02622242404241058
4560 0.02622239847736852 -0.02622242324941615
4561 0.02622239847736852 -0.02622243206024168
4562 0.02622239847736852 -0.02622244173229176
4563 0.02622239847736852 -0.02622245737210967
4564 0.02622239847736852 -0.02622255068952734
4565 0.02622239847736852 -0.0262223594523167
4566 0.02622239847736852 -0.02622250746407048
4567 0.02622239847736852 -0.02622244858760611
4568 0.02622239847736852 -0.02622244860543651
4569 0.02622239847736852 -0.02622244556336088
4570 0.02622239847736852 -0.02622239135940117
4571 0.02622239847736852 -0.02622244911109691
4572 0.02622239847736852 -0.02622231681491061
4573 0.02622239847736852 -0.0262224568885867
4574 0.02622239847736852 -0.02622233747709698
4575 0.02622239847736852 -0.02622234918543128
4576 0.02622239847736852 -0.02622235386169691
4577 0.02622239847736852 -0.02622239746152593
4578 0.02622239847736852 -0.02622238524685627
4579 0.02622239847736852 -0.02622238836675352
4580 0.02622239847736852 -0.02622239213848645
4581 0.02622239847736852 -0.02622240669393647
4582 0.02622239847736852 -0.02622240668706377
4583 0.02622239847736852 -0.02622222080219468
4584 0.02622239847736852 -0.02622236541606399
4585 0.02622239847736852 -0.02622241633188629
4586 0.02622239847736852 -0.02622232789841305
4587 0.02622239847736852 -0.02622252204875436
4588 0.02622239847736852 -0.02622239880533862
4589 0.02622239847736852 -0.02622239635013436
4590 0.02622239847736852 -0.02622238600618784
4591 0.02622239847736852 -0.02622236932940061
4592 0.02622239847736852 -0.02622233676794417
4593 0.02622239847736852 -0.02622234921738231
4594 0.02622239847736852 -0.02622237240265839
4595 0.02622239847736852 -0.02622238550529871
4596 0.02622239847736852 -0.02622244401436807
4597 0.02622239847736852 -0.02622239086422075
4598 0.02622239847736852 -0.02622239912912683
4599 0.02622239847736852 -0.02622241086684441
4600 0.02622239847736852 -0.02622242232685991
4601 0.02622239847736852 -0.02622239301003024
4602 0.02622239847736852 -0.02622242963016532
4603 0.02622239847736852 -0.02622243986532966
4604 0.02622239847736852 -0.02622244848096468
4605 0.02622239847736852 -0.02622245908484704
4606 0.02622239847736852 -0.02622246696857648
4607 0.02622239847736852 -0.02622246019578257
4608 0.02622239847736852 -0.02622242211348612
4609 0.02622239847736852 -0.02622244379296798
4610 0.02622239847736852 -0.02622239808933658
4611 0.02622239847736852 -0.02622239714319108
4612 0.02622239847736852 -0.02622239391516043
4613 0.02622239847736852 -0.02622238763244818
4614 0.02622239847736852 -0.02622239971334954
4615 0.02622239847736852 -0.02622239062463625
4616 0.02622239847736852 -0.02622239024013839
4617 0.02622239847736852 -0.02622238664114787
4618 0.02622239847736852 -0.02622238432055885
4619 0.02622239847736852 -0.02622238260803721
4620 0.02622239847736852 -0.02622234839754635
4621 0.02622239847736852 -0.02622237457233046
4622 0.02622239847736852 -0.02622237828878837
4623 0.02622239847736852 -0.02622234898289034
4624 0.02622239847736852 -0.02622236441174875
4625 0.02622239847736852 -0.02622237580826075
4626 0.02622239847736852 -0.02622238017310094
4627 0.02622239847736852 -0.02622238872277036
4628 0.02622239847736852 -0.02622240066055904
4629 0.02622239847736852 -0.02622235578642798
4630 0.02622239847736852 -0.02622242824244326
4631 0.02622239847736852 -0.02622241178353432
4632 0.02622239847736852 -0.02622240578768282
4633 0.02622239847736852 -0.0262223974186326
4634 0.02622239847736852 -0.0262223867587333
4635 0.02622239847736852 -0.02622237547635792
4636 0.02622239847736852 -0.02622238371079551
4637 0.02622239847736852 -0.02622239378009659
4638 0.02622239847736852 -0.02622238771987162
4639 0.02622239847736852 -0.02622238737602259
4640 0.02622239847736852 -0.02622238307007828
4641 0.02622239847736852 -0.02622234626321183
4642 0.02622239847736852 -0.02622237990556912
4643 0.02622239847736852 -0.02622239785220888
4644 0.02622239847736852 -0.02622239975551114
4645 0.02622239847736852 -0.02622237464132592
4646 0.02622239847736852 -0.02622239442677257
4647 0.02622239847736852 -0.02622239688357278
4648 0.02622239847736852 -0.02622240144727431
4649 0.02622239847736852 -0.02622240340645525
4650 0.02622239847736852 -0.02622240147843916
4651 0.02622239847736852 -0.02622240403663489
4652 0.02622239847736852 -0.02622239764859809
4653 0.02622239847736852 -0.02622239613459895
4654 0.02622239847736852 -0.02622239810308456
4655 0.02622239847736852 -0.02622239367040792
4656 0.02622239847736852 -0.02622239047677112
4657 0.02622239847736852 -0.0262224266253876
4658 0.02622239847736852 -0.02622238179430365
4659 0.02622239847736852 -0.02622239110718219
4660 0.02622239847736852 -0.02622239571965791
4661 0.02622239847736852 -0.02622240048956612
4662 0.02622239847736852 -0.02622240951342237
4663 0.02622239847736852 -0.0262224773056081
4664 0.02622239847736852 -0.02622235626238369
4665 0.02622239847736852 -0.02622244568760176
4666 0.02622239847736852 -0.02622233397885314
4667 0.02622239847736852 -0.02622236340709305
4668 0.02622239847736852 -0.02622237660508202
4669 0.02622239847736852 -0.02622244701144644
4670 0.02622239847736852 -0.02622235874717332
4671 0.02622239847736852 -0.02622245651354497
4672 0.02622239847736852 -0.02622227958217964
4673 0.02622239847736852 -0.02622236998068052
4674 0.02622239847736852 -0.02622238548436639
4675 0.02622239847736852 -0.02622240261130223
4676 0.02622239847736852 -0.02622242179459635
4677 0.02622239847736852 -0.02622243236200349
4678 0.02622239847736852 -0.02622243194553576
4679 0.02622239847736852 -0.02622240892860007
4680 0.02622239847736852 -0.02622238686160426
4681 0.02622239847736852 -0.02622241491495189
4682 0.02622239847736852 -0.0262223752103964
4683 0.02622239847736852 -0.0262223781503712
4684 0.02622239847736852 -0.02622236499018587
4685 0.02622239847736852 -0.02622235868136404
4686 0.02622239847736852 -0.02622230561696992
4687 0.02622239847736852 -0.02622236987751244
4688 0.02622239847736852 -0.0262223691057571
4689 0.02622239847736852 -0.02622237006858006
4690 0.02622239847736852 -0.02622237062553094
4691 0.02622239847736852 -0.02622237093004239
4692 0.02622239847736852 -0.02622238182100862
4693 0.02622239847736852 -0.02622239846262537
4694 0.02622239847736852 -0.02622238945432937
4695 0.02622239847736852 -0.02622236805545979
4696 0.02622239847736852 -0.02622238818564736
4697 0.02622239847736852 -0.02622238788699744
4698 0.02622239847736852 -0.02622238734743021
4699 0.02622239847736852 -0.02622238248427289
4700 0.02622239847736852 -0.02622237101314183
4701 0.02622239847736852 -0.02622235264877375
4702 0.02622239847736852 -0.02622242933407972
4703 0.02622239847736852 -0.02622237796823359
4704 0.02622239847736852 -0.02622239268985382
4705 0.02622239847736852 -0.02622239490353402
4706 0.02622239847736852 -0.02622241064119694
4707 0.02622239847736852 -0.02622241349086181
4708 0.02622239847736852 -0.02622248438640785
4709 0.02622239847736852 -0.02622239909590122
4710 0.02622239847736852 -0.02622240640821088
4711 0.02622239847736852 -0.02622240861243192
4712 0.02622239847736852 -0.02622240928656951
4713 0.02622239847736852 -0.0262224096891128
4714 0.02622239847736852 -0.02622240914423516
4715 0.02622239847736852 -0.02622245224143462
4716 0.02622239847736852 -0.02622243967868157
4717 0.02622239847736852 -0.02622244968916791
4718 0.02622239847736852 -0.02622245776555856
4719 0.02622239847736852 -0.02622246440552019
4720 0.02622239847736852 -0.02622246432047031
4721 0.02622239847736852 -0.02622246285152098
4722 0.02622239847736852 -0.02622241313478221
4723 0.02622239847736852 -0.02622243028070076
4724 0.02622239847736852 -0.02622243174082414
4725 0.02622239847736852 -0.02622243126878091
4726 0.02622239847736852 -0.02622242505302091
4727 0.02622239847736852 -0.02622242115346738
4728 0.02622239847736852 -0.02622241710496213
4729 0.02622239847736852 -0.02622241674704346
4730 0.02622239847736852 -0.02622241140661595
4731 0.02622239847736852 -0.02622240972832828
4732 0.02622239847736852 -0.02622240827207402
4733 0.02622239847736852 -0.02622240467635552
4734 0.02622239847736852 -0.02622239958638007
4735 0.02622239847736852 -0.02622239309910547
4736 0.02622239847736852 -0.02622239076413175
4737 0.02622239847736852 -0.02622238503164889
4738 0.02622239847736852 -0.02622238099458438
4739 0.02622239847736852 -0.02622237712377867
4740 0.02622239847736852 -0.02622237970344414
4741 0.02622239847736852 -0.02622237580945427
4742 0.02622239847736852 -0.02622237404012823
4743 0.02622239847736852 -0.02622237126400001
4744 0.02622239847736852 -0.02622236874779022
4745 0.02622239847736852 -0.02622236468673357
4746 0.02622239847736852 -0.02622236511586589
4747 0.02622239847736852 -0.02622243881662392
4748 0.02622239847736852 -0.02622241588336823
4749 0.02622239847736852 -0.0262224080726663
4750 0.02622239847736852 -0.02622239774624671
4751 0.02622239847736852 -0.02622239781418847
4752 0.02622239847736852 -0.02622239956397797
4753 0.02622239847736852 -0.02622240024740731
4754 0.02622239847736852 -0.02622240021239774
4755 0.02622239847736852 -0.02622240115114448
4756 0.02622239847736852 -0.02622240440492715
4757 0.02622239847736852 -0.02622240584801025
4758 0.02622239847736852 -0.02622240997646823
4759 0.02622239847736852 -0.02622241222523478
4760 0.02622239847736852 -0.02622241417734649
4761 0.02622239847736852 -0.02622241598470814
4762 0.02622239847736852 -0.02622242898439261
4763 0.02622239847736852 -0.02622241982607093
4764 0.02622239847736852 -0.02622242480753541
4765 0.02622239847736852 -0.02622242977314806
4766 0.02622239847736852 -0.02622243346690282
4767 0.02622239847736852 -0.02622243348820329
4768 0.02622239847736852 -0.02622243647932765
4769 0.02622239847736852 -0.02622243060312027
4770 0.02622239847736852 -0.02622243247246625
4771 0.02622239847736852 -0.02622243162326597
4772 0.02622239847736852 -0.02622242600509386
4773 0.02622239847736852 -0.02622242092651803
4774 0.02622239847736852 -0.02622242036655484
4775 0.02622239847736852 -0.02622241517214241
4776 0.02622239847736852 -0.0262224143920995
4777 0.02622239847736852 -0.02622240883976277
4778 0.02622239847736852 -0.02622240520839311
4779 0.02622239847736852 -0.02622240116880621
4780 0.02622239847736852 -0.02622240021112195
4781 0.02622239847736852 -0.02622239922208262
4782 0.02622239847736852 -0.0262223998007261
4783 0.02622239847736852 -0.02622239605216652
4784 0.02622239847736852 -0.02622239384676902
4785 0.02622239847736852 -0.02622239322155771
4786 0.02622239847736852 -0.02622239707413767
4787 0.02622239847736852 -0.02622240016330417
4788 0.02622239847736852 -0.02622239993928692
4789 0.02622239847736852 -0.026222402064402
4790 0.02622239847736852 -0.02622240432699398
4791 0.02622239847736852 -0.02622240396207825
4792 0.02622239847736852 -0.02622240265014788
4793 0.02622239847736852 -0.02622238876756756
4794 0.02622239847736852 -0.02622239530469542
4795 0.02622239847736852 -0.02622239272728777
4796 0.02622239847736852 -0.02622239039012368
4797 0.02622239847736852 -0.02622239053197423
4798 0.02622239847736852 -0.02622238825944621
4799 0.02622239847736852 -0.0262223848112797
4800 0.02622239847736852 -0.02622237689018356
4801 0.02622239847736852 -0.02622234431792708
4802 0.02622239847736852 -0.02622253199888146
4803 0.02622239847736852 -0.0262224132860947
4804 0.02622239847736852 -0.0262224061640732
4805 0.02622239847736852 -0.02622239284332382
4806 0.02622239847736852 -0.02622238557639074
4807 0.02622239847736852 -0.02622240994594358
4808 0.02622239847736852 -0.02622238499411128
4809 0.02622239847736852 -0.02622240627237066
4810 0.02622239847736852 -0.02622239446926998
4811 0.02622239847736852 -0.02622239366303908
4812 0.02622239847736852 -0.02622239275318848
4813 0.02622239847736852 -0.02622239390490188
4814 0.02622239847736852 -0.02622239791440992
4815 0.02622239847736852 -0.02622239905373815
4816 0.02622239847736852 -0.02622239395829893
4817 0.02622239847736852 -0.02622240516848033
4818 0.02622239847736852 -0.02622240804586488
4819 0.02622239847736852 -0.02622242157515508
4820 0.02622239847736852 -0.02622242104373514
4821 0.02622239847736852 -0.02622242253003055
4822 0.02622239847736852 -0.02622242478193678
4823 0.02622239847736852 -0.02622242675989155
4824 0.02622239847736852 -0.02622242654724927
4825 0.02622239847736852 -0.02622242655215205
4826 0.02622239847736852 -0.02622242540604608
4827 0.02622239847736852 -0.02622242567345547
4828 0.02622239847736852 -0.02622242456679152
4829 0.02622239847736852 -0.02622242365767139
4830 0.02622239847736852 -0.02622232189843872
4831 0.02622239847736852 -0.02622236024022552
4832 0.02622239847736852 -0.02622237109433154
4833 0.02622239847736852 -0.02622238578611837
4834 0.02622239847736852 -0.0262223673211925
4835 0.02622239847736852 -0.02622237581142177
4836 0.02622239847736852 -0.02622238045222784
4837 0.02622239847736852 -0.02622237846224681
4838 0.02622239847736852 -0.02622239720504643
4839 0.02622239847736852 -0.02622240358834074
4840 0.02622239847736852 -0.02622241459629279
4841 0.02622239847736852 -0.02622242232396684
4842 0.02622239847736852 -0.02622242901364107
4843 0.02622239847736852 -0.02622243727087786
4844 0.02622239847736852 -0.02622247846540311
4845 0.02622239847736852 -0.02622243002689139
4846 0.02622239847736852 -0.02622246233247196
4847 0.02622239847736852 -0.02622239795971555
4848 0.02622239847736852 -0.02622238611142638
4849 0.02622239847736852 -0.02622231898280631
4850 0.02622239847736852 -0.0262223495327746
4851 0.02622239847736852 -0.02622242154899518
4852 0.02622239847736852 -0.02622243578753458
4853 0.02622239847736852 -0.02622240710817192
4854 0.02622239847736852 -0.0262224050210111
4855 0.02622239847736852 -0.02622240677138097
4856 0.02622239847736852 -0.02622241512154443
4857 0.02622239847736852 -0.02622241552563393
4858 0.02622239847736852 -0.02622242011006259
4859 0.02622239847736852 -0.02622245663456917
4860 0.02622239847736852 -0.02622244225769638
4861 0.02622239847736852 -0.02622232225491712
4862 0.02622239847736852 -0.02622238598951123
4863 0.02622239847736852 -0.02622245578541538
4864 0.02622239847736852 -0.02622233643032688
4865 0.02622239847736852 -0.02622237259831104
4866 0.02622239847736852 -0.02622239356578313
4867 0.02622239847736852 -0.0262224022920582
4868 0.02622239847736852 -0.02622231825642267
4869 0.02622239847736852 -0.0262224146253195
4870 0.02622239847736852 -0.02622228392465079
4871 0.02622239847736852 -0.02622232677728753
4872 0.02622239847736852 -0.02622235045090872
4873 0.02622239847736852 -0.0262223643988666
4874 0.02622239847736852 -0.02622239791930013
4875 0.02622239847736852 -0.02622238741466145
4876 0.02622239847736852 -0.02622246966145039
4877 0.02622239847736852 -0.02622242003812127
4878 0.02622239847736852 -0.0262224091945708
4879 0.02622239847736852 -0.02622240432781933
4880 0.02622239847736852 -0.02622239824737218
4881 0.02622239847736852 -0.02622240205432676
4882 0.02622239847736852 -0.02622240794665065
4883 0.02622239847736852 -0.02622241025934749
4884 0.02622239847736852 -0.02622233837064904
4885 0.02622239847736852 -0.02622240624183663
4886 0.02622239847736852 -0.02622239164812938
4887 0.02622239847736852 -0.02622239570024489
4888 0.02622239847736852 -0.02622239833968105
4889 0.02622239847736852 -0.02622239823840939
4890 0.02622239847736852 -0.02622239978544471
4891 0.02622239847736852 -0.02622239908130322
4892 0.02622239847736852 -0.02622239864928079
4893 0.02622239847736852 -0.02622242110276315
4894 0.02622239847736852 -0.02622240712018089
4895 0.02622239847736852 -0.02622240005590898
4896 0.02622239847736852 -0.02622239171935538
4897 0.02622239847736852 -0.02622238307002759
4898 0.02622239847736852 -0.02622237628574829
4899 0.02622239847736852 -0.02622237205694873
4900 0.02622239847736852 -0.02622237668994573
4901 0.02622239847736852 -0.02622237245533091
4902 0.02622239847736852 -0.02622237170096753
4903 0.02622239847736852 -0.02622237208502463
4904 0.02622239847736852 -0.02622237751269741
4905 0.02622239847736852 -0.02622238796409489
4906 0.02622239847736852 -0.02622238686790773
4907 0.02622239847736852 -0.02622239139560702
4908 0.02622239847736852 -0.02622239679379238
4909 0.02622239847736852 -0.02622240387310035
4910 0.02622239847736852 -0.02622240797164832
4911 0.02622239847736852 -0.02622240658801729
4912 0.02622239847736852 -0.0262224124720513
4913 0.02622239847736852 -0.02622241578356839
4914 0.02622239847736852 -0.0262224193031917
4915 0.02622239847736852 -0.02622242159460782
4916 0.02622239847736852 -0.02622242021179217
4917 0.02622239847736852 -0.02622242281709003
4918 0.02622239847736852 -0.0262224210826204
4919 0.02622239847736852 -0.02622239153953498
4920 0.02622239847736852 -0.02622239810045146
4921 0.02622239847736852 -0.02622240197736959
4922 0.02622239847736852 -0.02622240409772963
4923 0.02622239847736852 -0.02622240358160532
4924 0.02622239847736852 -0.02622240079152102
4925 0.02622239847736852 -0.02622239773810519
4926 0.02622239847736852 -0.02622239492535337
4927 0.02622239847736852 -0.02622239333010959
4928 0.02622239847736852 -0.02622238999530564
4929 0.02622239847736852 -0.02622239313512527
4930 0.02622239847736852 -0.02622238923663979
4931 0.02622239847736852 -0.026222406271179
4932 0.02622239847736852 -0.02622239643259796
4933 0.02622239847736852 -0.02622239520514282
4934 0.02622239847736852 -0.02622239595918114
4935 0.02622239847736852 -0.02622239794444014
4936 0.02622239847736852 -0.02622239964794896
4937 0.02622239847736852 -0.02622240280149972
4938 0.02622239847736852 -0.02622240456155694
4939 0.02622239847736852 -0.02622240633756472
4940 0.02622239847736852 -0.02622240798067153
4941 0.02622239847736852 -0.02622241118345381
4942 0.02622239847736852 -0.02622241338325101
4943 0.02622239847736852 -0.02622241561102745
4944 0.02622239847736852 -0.02622241822090327
4945 0.02622239847736852 -0.0262224230854972
4946 0.02622239847736852 -0.02622242166508576
4947 0.02622239847736852 -0.02622242515081758
4948 0.02622239847736852 -0.02622241061211961
4949 0.02622239847736852 -0.02622241408232334
4950 0.02622239847736852 -0.02622241266432222
4951 0.02622239847736852 -0.02622241176341492
4952 0.02622239847736852 -0.02622240931126444
4953 0.02622239847736852 -0.02622240671168806
4954 0.02622239847736852 -0.02622240327866236
4955 0.02622239847736852 -0.02622240163367264
4956 0.02622239847736852 -0.02622239776150286
4957 0.02622239847736852 -0.0262223932681517
4958 0.02622239847736852 -0.02622239038823605
4959 0.02622239847736852 -0.02622238646442887
4960 0.02622239847736852 -0.02622238678623387
4961 0.02622239847736852 -0.02622238172835951
4962 0.02622239847736852 -0.02622237798624922
4963 0.02622239847736852 -0.02622238549191059
4964 0.02622239847736852 -0.02622238112405936
4965 0.02622239847736852 -0.02622237803340198
4966 0.02622239847736852 -0.02622237799804545
4967 0.02622239847736852 -0.02622237776000607
4968 0.02622239847736852 -0.02622237936071018
4969 0.02622239847736852 -0.02622238259649848
4970 0.02622239847736852 -0.02622238341700777
4971 0.02622239847736852 -0.02622238680552335
4972 0.02622239847736852 -0.02622239021899007
4973 0.02622239847736852 -0.02622239179962835
4974 0.02622239847736852 -0.02622239280067254
4975 0.02622239847736852 -0.02622239521089255
4976 0.02622239847736852 -0.0262223990348951
4977 0.02622239847736852 -0.02622240417039363
4978 0.02622239847736852 -0.02622240819858914
4979 0.02622239847736852 -0.02622241177624363
4980 0.02622239847736852 -0.02622241187823242
4981 0.02622239847736852 -0.02622241702749537
4982 0.02622239847736852 -0.02622242215018511
4983 0.02622239847736852 -0.02622242426819433
4984 0.02622239847736852 -0.02622242682280456
4985 0.02622239847736852 -0.02622242400110899
4986 0.02622239847736852 -0.02622242511093075
4987 0.02622239847736852 -0.02622242609684147
4988 0.02622239847736852 -0.02622241931333751
4989 0.02622239847736852 -0.02622242095542563
4990 0.02622239847736852 -0.02622241845287343
4991 0.02622239847736852 -0.02622241447571899
4992 0.02622239847736852 -0.02622240851907754
4993 0.02622239847736852 -0.0262224020083545
4994 0.02622239847736852 -0.02622239683448326
4995 0.02622239847736852 -0.02622239154111398
4996 0.02622239847736852 -0.02622238979003971
4997 0.02622239847736852 -0.02622238638006453
4998 0.02622239847736852 -0.02622238144274021
4999 0.02622239847736852 -0.02622237542147777
5000 0.02622239847736852 -0.02622237906096258
5001 0.02622239847736852 -0.02622237876329385
5002 0.02622239847736852 -0.0262223816063791
5003 0.02622239847736852 -0.02622238027515941
5004 0.02622239847736852 -0.02622238019206433
5005 0.02622239847736852 -0.02622238306714573
5006 0.02622239847736852 -0.02622238740010764
5007 0.02622239847736852 -0.02622239060747722
5008 0.02622239847736852 -0.02622239251708879
5009 0.02622239847736852 -0.02622239487909576
5010 0.02622239847736852 -0.02622239721086352
5011 0.02622239847736852 -0.02622239943527259
5012 0.02622239847736852 -0.02622240295114759
5013 0.02622239847736852 -0.02622240641007679
5014 0.02622239847736852 -0.02622240881565749
5015 0.02622239847736852 -0.02622241181271598
5016 0.02622239847736852 -0.02622241492475675
5017 0.02622239847736852 -0.02622241249791512
5018 0.02622239847736852 -0.02622241539529492
5019 0.02622239847736852 -0.02622241525829399
5020 0.02622239847736852 -0.0262224094666554
5021 0.02622239847736852 -0.02622241263005879
5022 0.02622239847736852 -0.02622241103182115
5023 0.02622239847736852 -0.02622240990684047
5024 0.02622239847736852 -0.02622240868376515
5025 0.02622239847736852 -0.02622240848284392
5026 0.02622239847736852 -0.02622240717637754
5027 0.02622239847736852 -0.02622240415841735
5028 0.02622239847736852 -0.02622239783478287
5029 0.02622239847736852 -0.02622239413352288
5030 0.02622239847736852 -0.02622239268823323
5031 0.02622239847736852 -0.02622238804859053
5032 0.02622239847736852 -0.02622238572124821
5033 0.02622239847736852 -0.02622238448229089
5034 0.02622239847736852 -0.02622238302819822
5035 0.02622239847736852 -0.0262223872449685
5036 0.02622239847736852 -0.02622238407793348
5037 0.02622239847736852 -0.02622238889449458
5038 0.02622239847736852 -0.02622238725454785
5039 0.02622239847736852 -0.02622238900491512
5040 0.02622239847736852 -0.02622239192221847
5041 0.02622239847736852 -0.02622239507317119
5042 0.02622239847736852 -0.02622239862245744
5043 0.02622239847736852 -0.02622240041396491
5044 0.02622239847736852 -0.02622240187020032
5045 0.02622239847736852 -0.02622240328579151
5046 0.02622239847736852 -0.0262224043802687
5047 0.02622239847736852 -0.02622240907391706
5048 0.02622239847736852 -0.02622241030363099
5049 0.02622239847736852 -0.02622241280327992
5050 0.02622239847736852 -0.02622241652366582
5051 0.02622239847736852 -0.02622242089113331
5052 0.02622239847736852 -0.02622241783635483
5053 0.02622239847736852 -0.02622241821102925
5054 0.02622239847736852 -0.026222418095665
5055 0.02622239847736852 -0.02622241339659234
5056 0.02622239847736852 -0.02622241394575595
5057 0.02622239847736852 -0.02622241335006563
5058 0.02622239847736852 -0.02622241286283226
5059 0.02622239847736852 -0.02622241431319699
5060 0.02622239847736852 -0.02622241303048068
5061 0.02622239847736852 -0.02622240914657326
5062 0.02622239847736852 -0.02622240298939872
5063 0.02622239847736852 -0.02622240047113178
5064 0.02622239847736852 -0.02622239799786722
5065 0.02622239847736852 -0.0262223950630179
5066 0.02622239847736852 -0.02622239204972041
5067 0.02622239847736852 -0.02622239899447567
5068 0.02622239847736852 -0.02622239446138652
5069 0.02622239847736852 -0.02622239498464652
5070 0.02622239847736852 -0.026222394424254
5071 0.02622239847736852 -0.02622239561258698
5072 0.02622239847736852 -0.02622239795107232
5073 0.02622239847736852 -0.02622239826942095
5074 0.02622239847736852 -0.02622239692494116
5075 0.02622239847736852 -0.02622239499580142
5076 0.02622239847736852 -0.02622239548405595
5077 0.02622239847736852 -0.02622239531632529
5078 0.02622239847736852 -0.02622239603243323
5079 0.02622239847736852 -0.0262223964545489
5080 0.02622239847736852 -0.02622239741354002
5081 0.02622239847736852 -0.02622239694241566
5082 0.02622239847736852 -0.02622239567699167
5083 0.02622239847736852 -0.02622239628473848
5084 0.02622239847736852 -0.02622239654195231
5085 0.02622239847736852 -0.02622239674175066
5086 0.02622239847736852 -0.02622239463014411
5087 0.02622239847736852 -0.02622239233895926
5088 0.02622239847736852 -0.02622239045848426
5089 0.02622239847736852 -0.02622238806339677
5090 0.02622239847736852 -0.02622238887393966
5091 0.02622239847736852 -0.02622238700233685
5092 0.02622239847736852 -0.02622238648027886
5093 0.02622239847736852 -0.02622238445676985
5094 0.02622239847736852 -0.02622238345307259
5095 0.02622239847736852 -0.02622238278874775
5096 0.02622239847736852 -0.02622238220654515
5097 0.02622239847736852 -0.02622238355202385
5098 0.02622239847736852 -0.02622238286996026
5099 0.02622239847736852 -0.02622238209139493
5100 0.02622239847736852 -0.02622238363286463
5101 0.02622239847736852 -0.02622238520253239
5102 0.02622239847736852 -0.02622240988235391
5103 0.02622239847736852 -0.02622240364744986
5104 0.02622239847736852 -0.02622239849703639
5105 0.02622239847736852 -0.02622240338838336
5106 0.02622239847736852 -0.02622240826774742
5107 0.02622239847736852 -0.02622241271681157
5108 0.02622239847736852 -0.02622241705062137
5109 0.02622239847736852 -0.02622241919767978
5110 0.02622239847736852 -0.02622242009540394
5111 0.02622239847736852 -0.02622240842833317
5112 0.02622239847736852 -0.02622241400894414
5113 0.02622239847736852 -0.02622241507528468
5114 0.02622239847736852 -0.02622241765153292
5115 0.02622239847736852 -0.02622241871799579
5116 0.02622239847736852 -0.02622241885215201
5117 0.02622239847736852 -0.02622241569623026
5118 0.02622239847736852 -0.0262224154852868
5119 0.02622239847736852 -0.02622241277714292
5120 0.02622239847736852 -0.02622241152680522
5121 0.02622239847736852 -0.02622240940878607
5122 0.02622239847736852 -0.02622240828964058
5123 0.02622239847736852 -0.02622241298843194
5124 0.02622239847736852 -0.02622240776628948
5125 0.02622239847736852 -0.02622240562294403
5126 0.02622239847736852 -0.02622240413345119
5127 0.02622239847736852 -0.02622240296796408
5128 0.02622239847736852 -0.02622240047397893
5129 0.02622239847736852 -0.02622239699849748
5130 0.02622239847736852 -0.02622239555444245
5131 0.02622239847736852 -0.0262223935468568
5132 0.02622239847736852 -0.02622239230366274
5133 0.02622239847736852 -0.02622239140255106
5134 0.02622239847736852 -0.02622239279891252
5135 0.02622239847736852 -0.02622239473524005
5136 0.02622239847736852 -0.02622239406600529
5137 0.02622239847736852 -0.02622238920268023
5138 0.02622239847736852 -0.02622238449421596
5139 0.02622239847736852 -0.02622238561961006
5140 0.02622239847736852 -0.02622240364113586
5141 0.02622239847736852 -0.02622239323102177
5142 0.02622239847736852 -0.02622239231317048
5143 0.02622239847736852 -0.0262223937051185
5144 0.02622239847736852 -0.02622239755222811
5145 0.02622239847736852 -0.02622240007856083
5146 0.02622239847736852 -0.02622240451615094
5147 0.02622239847736852 -0.02622240683886651
5148 0.02622239847736852 -0.02622241140681388
5149 0.02622239847736852 -0.02622240465533843
5150 0.02622239847736852 -0.02622240626714286
5151 0.02622239847736852 -0.02622240893097437
5152 0.02622239847736852 -0.02622240986657693
5153 0.02622239847736852 -0.02622240958538773
5154 0.02622239847736852 -0.02622240720228567
5155 0.02622239847736852 -0.02622240249981582
5156 0.02622239847736852 -0.02622239817186723
5157 0.02622239847736852 -0.02622239368746059
5158 0.02622239847736852 -0.026222392416619
5159 0.02622239847736852 -0.02622239050394793
5160 0.02622239847736852 -0.02622238796145766
5161 0.02622239847736852 -0.02622238572620933
5162 0.02622239847736852 -0.02622238262338761
5163 0.02622239847736852 -0.02622238724100759
5164 0.02622239847736852 -0.02622238165423273
5165 0.02622239847736852 -0.02622237850832246
5166 0.02622239847736852 -0.02622237708765482
5167 0.02622239847736852 -0.02622237637122279
5168 0.02622239847736852 -0.02622238035105402
5169 0.02622239847736852 -0.02622238290607501
5170 0.02622239847736852 -0.02622238574713592
5171 0.02622239847736852 -0.02622239574452984
5172 0.02622239847736852 -0.02622239839194672
5173 0.02622239847736852 -0.02622240254495435
5174 0.02622239847736852 -0.0262224060123093
5175 0.02622239847736852 -0.02622241017770702
5176 0.02622239847736852 -0.02622239671724458
5177 0.02622239847736852 -0.02622240765467176
5178 0.02622239847736852 -0.0262224127577032
5179 0.02622239847736852 -0.02622241731421348
5180 0.02622239847736852 -0.02622241865083269
5181 0.02622239847736852 -0.02622241848060473
5182 0.02622239847736852 -0.02622240889623859
5183 0.02622239847736852 -0.0262224105415047
5184 0.02622239847736852 -0.02622241133004723
5185 0.02622239847736852 -0.0262224087305109
5186 0.02622239847736852 -0.02622240603723716
5187 0.02622239847736852 -0.02622240177680048
5188 0.02622239847736852 -0.02622240248185069
5189 0.02622239847736852 -0.02622239617208669
5190 0.02622239847736852 -0.02622239254074319
5191 0.02622239847736852 -0.02622239089345567
5192 0.02622239847736852 -0.02622238954575297
5193 0.02622239847736852 -0.02622238873725043
5194 0.02622239847736852 -0.0262223866316593
5195 0.02622239847736852 -0.02622238840520299
5196 0.02622239847736852 -0.02622238591158132
5197 0.02622239847736852 -0.02622238838971472
5198 0.02622239847736852 -0.02622238720027277
5199 0.02622239847736852 -0.02622239011127803
5200 0.02622239847736852 -0.02622239089778547
5201 0.02622239847736852 -0.02622239363017758
5202 0.02622239847736852 -0.02622239594656159
5203 0.02622239847736852 -0.02622239953111564
5204 0.02622239847736852 -0.02622240439443568
5205 0.02622239847736852 -0.02622240522841435
5206 0.02622239847736852 -0.02622240918211883
5207 0.02622239847736852 -0.02622240556851386
5208 0.02622239847736852 -0.02622240505161656
5209 0.02622239847736852 -0.02622240585688629
5210 0.02622239847736852 -0.02622240727508473
5211 0.02622239847736852 -0.0262224080768326
5212 0.02622239847736852 -0.02622240473535726
5213 0.02622239847736852 -0.02622240369165384
5214 0.02622239847736852 -0.02622240262383146
5215 0.02622239847736852 -0.02622240172864797
5216 0.02622239847736852 -0.02622240060375211
5217 0.02622239847736852 -0.02622240029673373
5218 0.02622239847736852 -0.02622239967828128
5219 0.02622239847736852 -0.02622239858742348
5220 0.02622239847736852 -0.02622239622378619
5221 0.02622239847736852 -0.02622239629101832
5222 0.02622239847736852 -0.02622239385969023
5223 0.02622239847736852 -0.02622239136080841
5224 0.02622239847736852 -0.02622238990474511
5225 0.02622239847736852 -0.02622238733169482
5226 0.02622239847736852 -0.02622239253692949
5227 0.02622239847736852 -0.02622238851692843
5228 0.02622239847736852 -0.02622238947365108
5229 0.02622239847736852 -0.02622238968027239
5230 0.02622239847736852 -0.0262223911574441
5231 0.02622239847736852 -0.02622239314190571
5232 0.02622239847736852 -0.02622239315980553
5233 0.02622239847736852 -0.02622239216368732
5234 0.02622239847736852 -0.02622238878798086
5235 0.02622239847736852 -0.02622239032770958
5236 0.02622239847736852 -0.02622239394140727
5237 0.02622239847736852 -0.02622239536303243
5238 0.02622239847736852 -0.02622239608182559
5239 0.02622239847736852 -0.02622239643959916
5240 0.02622239847736852 -0.02622239930667512
5241 0.02622239847736852 -0.02622240140893727
5242 0.02622239847736852 -0.0262224029099174
5243 0.02622239847736852 -0.02622240387397411
5244 0.02622239847736852 -0.02622240589387266
5245 0.02622239847736852 -0.02622240707686542
5246 0.02622239847736852 -0.0262224079361948
5247 0.02622239847736852 -0.0262224088251403
5248 0.02622239847736852 -0.02622240997535849
5249 0.02622239847736852 -0.02622241086046983
5250 0.02622239847736852 -0.02622241149833985
5251 0.02622239847736852 -0.02622241251891952
5252 0.02622239847736852 -0.02622241138916573
5253 0.02622239847736852 -0.02622240595513283
5254 0.02622239847736852 -0.02622240575525987
5255 0.02622239847736852 -0.02622240420072885
5256 0.02622239847736852 -0.02622240446018797
5257 0.02622239847736852 -0.0262224028438163
5258 0.02622239847736852 -0.02622240012661526
5259 0.02622239847736852 -0.02622239581956568
5260 0.02622239847736852 -0.02622239137938834
5261 0.02622239847736852 -0.02622238668421734
5262 0.02622239847736852 -0.02622237874941993
5263 0.02622239847736852 -0.02622237773274173
5264 0.02622239847736852 -0.02622237443261832
5265 0.02622239847736852 -0.02622237296153637
5266 0.02622239847736852 -0.02622237152266611
5267 0.02622239847736852 -0.02622240177812054
5268 0.02622239847736852 -0.0262223886540025
5269 0.02622239847736852 -0.02622238491266323
5270 0.02622239847736852 -0.02622238307971959
5271 0.02622239847736852 -0.0262223828470318
5272 0.02622239847736852 -0.02622238311814571
5273 0.02622239847736852 -0.02622238727414074
5274 0.02622239847736852 -0.02622239178931403
5275 0.02622239847736852 -0.02622240006147966
5276 0.02622239847736852 -0.02622239997371462
5277 0.02622239847736852 -0.02622240363335632
5278 0.02622239847736852 -0.02622240661799129
5279 0.02622239847736852 -0.02622241068856165
5280 0.02622239847736852 -0.02622241458525268
5281 0.02622239847736852 -0.02622241608470376
5282 0.02622239847736852 -0.02622241777790338
5283 0.02622239847736852 -0.02622241670851834
5284 0.02622239847736852 -0.02622241739926296
5285 0.02622239847736852 -0.02622241845663725
5286 0.02622239847736852 -0.02622241997458418
5287 0.02622239847736852 -0.02622242196794642
5288 0.02622239847736852 -0.02622241705219606
5289 0.02622239847736852 -0.02622241530651629
5290 0.02622239847736852 -0.02622240791900985
5291 0.02622239847736852 -0.02622240741059247
5292 0.02622239847736852 -0.02622240708486045
5293 0.02622239847736852 -0.02622240595018598
5294 0.02622239847736852 -0.02622240488911745
5295 0.02622239847736852 -0.02622240278777198
5296 0.02622239847736852 -0.02622239797662715
5297 0.02622239847736852 -0.02622239353012264
5298 0.02622239847736852 -0.02622238888836263
5299 0.02622239847736852 -0.02622238393720146
5300 0.02622239847736852 -0.02622238308591973
5301 0.02622239847736852 -0.02622237921968602
5302 0.02622239847736852 -0.02622237849180776
5303 0.02622239847736852 -0.02622237497868995
5304 0.02622239847736852 -0.02622237338770268
5305 0.02622239847736852 -0.02622237236888096
5306 0.02622239847736852 -0.02622237896958004
5307 0.02622239847736852 -0.02622237993285028
5308 0.02622239847736852 -0.02622239242030619
5309 0.02622239847736852 -0.02622238956243818
5310 0.02622239847736852 -0.02622239234721932
5311 0.02622239847736852 -0.02622239527378646
5312 0.02622239847736852 -0.02622239831331035
5313 0.02622239847736852 -0.02622240342592578
5314 0.02622239847736852 -0.02622240422962175
5315 0.02622239847736852 -0.02622240920195325
5316 0.02622239847736852 -0.02622241530159923
5317 0.02622239847736852 -0.02622242153558588
5318 0.02622239847736852 -0.02622242617957876
5319 0.02622239847736852 -0.02622242322281227
5320 0.02622239847736852 -0.02622242051717185
5321 0.02622239847736852 -0.0262224217277728
5322 0.02622239847736852 -0.02622242239705859
5323 0.02622239847736852 -0.02622242126033925
5324 0.02622239847736852 -0.02622242012169924
5325 0.02622239847736852 -0.02622240655070064
5326 0.02622239847736852 -0.02622240810273363
5327 0.02622239847736852 -0.02622240142369951
5328 0.02622239847736852 -0.02622239741525734
5329 0.02622239847736852 -0.02622239241027583
5330 0.02622239847736852 -0.02622238847558978
5331 0.02622239847736852 -0.02622238585700452
5332 0.02622239847736852 -0.02622237996837564
5333 0.02622239847736852 -0.02622238367730953
5334 0.02622239847736852 -0.02622237762227194
5335 0.02622239847736852 -0.02622237663610727
5336 0.02622239847736852 -0.02622237765166979
5337 0.02622239847736852 -0.02622237618182571
5338 0.02622239847736852 -0.02622237654182448
5339 0.02622239847736852 -0.02622237880231864
5340 0.02622239847736852 -0.02622238027172768
5341 0.02622239847736852 -0.02622238452940652
5342 0.02622239847736852 -0.0262223955096155
5343 0.02622239847736852 -0.02622239087285836
5344 0.02622239847736852 -0.0262223962112398
5345 0.02622239847736852 -0.02622240323113583
5346 0.02622239847736852 -0.02622240692872841
5347 0.02622239847736852 -0.02622239961798858
5348 0.02622239847736852 -0.02622240731921862
5349 0.02622239847736852 -0.02622240224139493
5350 0.02622239847736852 -0.02622240745745136
5351 0.02622239847736852 -0.02622241017650062
5352 0.02622239847736852 -0.02622241021386633
5353 0.02622239847736852 -0.0262224018569935
5354 0.02622239847736852 -0.02622240375993348
5355 0.02622239847736852 -0.02622240214074496
5356 0.02622239847736852 -0.02622240109422465
5357 0.02622239847736852 -0.02622239900610073
5358 0.02622239847736852 -0.02622239693190163
5359 0.02622239847736852 -0.02622239427755625
5360 0.02622239847736852 -0.0262223935173365
5361 0.02622239847736852 -0.02622239069882161
5362 0.02622239847736852 -0.02622238991538501
5363 0.02622239847736852 -0.02622239004876617
5364 0.02622239847736852 -0.02622239302149157
5365 0.02622239847736852 -0.02622239136834549
5366 0.02622239847736852 -0.02622239174921607
5367 0.02622239847736852 -0.02622239878908611
5368 0.02622239847736852 -0.02622239818405385
5369 0.02622239847736852 -0.02622240144617095
5370 0.02622239847736852 -0.02622240163372674
5371 0.02622239847736852 -0.02622240073270271
5372 0.02622239847736852 -0.02622239899277491
5373 0.02622239847736852 -0.02622239742335122
5374 0.02622239847736852 -0.02622239761005449
5375 0.02622239847736852 -0.02622239871284553
5376 0.02622239847736852 -0.02622239864638046
5377 0.02622239847736852 -0.02622239774697969
5378 0.02622239847736852 -0.0262223953045407
5379 0.02622239847736852 -0.02622239472226777
5380 0.02622239847736852 -0.02622239439315036
5381 0.02622239847736852 -0.02622239594303859
5382 0.02622239847736852 -0.02622239757558776
5383 0.02622239847736852 -0.02622239789102626
5384 0.02622239847736852 -0.02622239539892789
5385 0.02622239847736852 -0.02622239407835073
5386 0.02622239847736852 -0.02622239174149921
5387 0.02622239847736852 -0.02622239878299521
5388 0.02622239847736852 -0.02622239942656691
5389 0.02622239847736852 -0.02622239941108978
5390 0.02622239847736852 -0.02622240170972335
5391 0.02622239847736852 -0.02622240497660192
5392 0.02622239847736852 -0.02622240767576531
5393 0.02622239847736852 -0.02622240894473228
5394 0.02622239847736852 -0.02622241139209914
5395 0.02622239847736852 -0.02622241259977087
5396 0.02622239847736852 -0.02622241233064586
5397 0.02622239847736852 -0.02622241689549471
5398 0.02622239847736852 -0.02622241538139752
5399 0.02622239847736852 -0.02622241769453587
5400 0.02622239847736852 -0.02622242152228183
5401 0.02622239847736852 -0.02622242469383205
5402 0.02622239847736852 -0.02622241768689666
5403 0.02622239847736852 -0.02622242056794744
5404 0.02622239847736852 -0.02622241719611239
5405 0.02622239847736852 -0.02622241591099268
5406 0.02622239847736852 -0.02622241442961864
5407 0.02622239847736852 -0.02622241106872522
5408 0.02622239847736852 -0.02622238090040531
5409 0.02622239847736852 -0.02622238539185939
5410 0.02622239847736852 -0.02622238960332201
5411 0.02622239847736852 -0.02622238491086027
5412 0.02622239847736852 -0.02622238244592555
5413 0.02622239847736852 -0.02622237757835288
5414 0.02622239847736852 -0.02622237453937686
5415 0.02622239847736852 -0.02622237021333691
5416 0.02622239847736852 -0.02622236668718148
5417 0.02622239847736852 -0.02622238678798411
5418 0.02622239847736852 -0.02622236762716091
5419 0.02622239847736852 -0.02622236511272591
5420 0.02622239847736852 -0.02622236517273747
5421 0.02622239847736852 -0.02622236656173477
5422 0.02622239847736852 -0.02622236928942296
5423 0.02622239847736852 -0.02622237467273533
5424 0.02622239847736852 -0.02622237543447444
5425 0.02622239847736852 -0.02622238122075622
5426 0.02622239847736852 -0.02622238318627804
5427 0.02622239847736852 -0.02622238959292069
5428 0.02622239847736852 -0.0262223883734297
5429 0.02622239847736852 -0.02622240802930554
5430 0.02622239847736852 -0.02622239619700983
5431 0.02622239847736852 -0.02622240856366225
5432 0.02622239847736852 -0.02622241189517919
5433 0.02622239847736852 -0.02622241702841815
5434 0.02622239847736852 -0.02622242293096349
5435 0.02622239847736852 -0.02622242442154336
5436 0.02622239847736852 -0.02622242532312318
5437 0.02622239847736852 -0.02622242739438052
5438 0.02622239847736852 -0.02622242984491379
5439 0.02622239847736852 -0.02622243062667723
5440 0.02622239847736852 -0.02622243165072094
5441 0.02622239847736852 -0.02622243138164651
5442 0.02622239847736852 -0.0262224283979693
5443 0.02622239847736852 -0.0262224244530533
5444 0.02622239847736852 -0.02622241536462857
5445 0.02622239847736852 -0.02622241460148076
5446 0.02622239847736852 -0.0262224136379968
5447 0.02622239847736852 -0.0262224107182074
5448 0.02622239847736852 -0.02622240419779963
5449 0.02622239847736852 -0.0262223955839175
5450 0.02622239847736852 -0.02622238841266679
5451 0.02622239847736852 -0.02622238546415953
5452 0.02622239847736852 -0.02622238189200491
5453 0.02622239847736852 -0.02622237655945974
5454 0.02622239847736852 -0.02622237440648422
5455 0.02622239847736852 -0.02622237755690516
5456 0.02622239847736852 -0.02622243436323967
5457 0.02622239847736852 -0.02622236775089917
5458 0.02622239847736852 -0.02622242064660217
5459 0.02622239847736852 -0.02622241300680349
5460 0.02622239847736852 -0.02622241386502341
5461 0.02622239847736852 -0.02622241577396916
5462 0.02622239847736852 -0.02622241159143139
5463 0.02622239847736852 -0.02622241761116047
5464 0.02622239847736852 -0.02622242193139087
5465 0.02622239847736852 -0.02622242564031865
5466 0.02622239847736852 -0.02622242932509103
5467 0.02622239847736852 -0.02622241143363781
5468 0.02622239847736852 -0.02622241925061464
5469 0.02622239847736852 -0.02622241215502941
5470 0.02622239847736852 -0.02622241400983251
5471 0.02622239847736852 -0.02622241200178296
5472 0.02622239847736852 -0.02622240992815304
5473 0.02622239847736852 -0.02622240588925714
5474 0.02622239847736852 -0.0262224000883103
5475 0.02622239847736852 -0.02622239567267368
5476 0.02622239847736852 -0.02622239254475904
5477 0.02622239847736852 -0.02622238889445913
5478 0.02622239847736852 -0.0262223966178875
5479 0.02622239847736852 -0.02622236461473484
5480 0.02622239847736852 -0.02622240637893904
5481 0.02622239847736852 -0.02622238090293545
5482 0.02622239847736852 -0.02622238320908624
5483 0.02622239847736852 -0.02622238463228811
5484 0.02622239847736852 -0.02622238446053245
5485 0.02622239847736852 -0.02622238320588862
5486 0.02622239847736852 -0.02622238228972109
5487 0.02622239847736852 -0.02622237074360073
5488 0.02622239847736852 -0.02622236996667909
5489 0.02622239847736852 -0.02622237009982881
5490 0.02622239847736852 -0.02622236989713072
5491 0.02622239847736852 -0.02622237382354366
5492 0.02622239847736852 -0.02622239939676847
5493 0.02622239847736852 -0.02622237264235188
5494 0.02622239847736852 -0.02622238259884393
5495 0.02622239847736852 -0.02622238764065187
5496 0.02622239847736852 -0.02622239368041797
5497 0.02622239847736852 -0.02622240597322773
5498 0.02622239847736852 -0.02622241090447549
5499 0.02622239847736852 -0.02622243948017126
5500 0.02622239847736852 -0.02622241831779455
5501 0.02622239847736852 -0.02622242378104035
5502 0.02622239847736852 -0.02622242533235723
5503 0.02622239847736852 -0.02622242954877071
5504 0.02622239847736852 -0.02622243246089866
5505 0.02622239847736852 -0.02622243443017823
5506 0.02622239847736852 -0.02622240192221835
5507 0.02622239847736852 -0.02622242169340964
5508 0.02622239847736852 -0.02622242025315455
5509 0.02622239847736852 -0.02622241896491127
5510 0.02622239847736852 -0.02622241538214804
5511 0.02622239847736852 -0.02622240885829178
5512 0.02622239847736852 -0.0262224246259358
5513 0.02622239847736852 -0.02622239194680726
5514 0.02622239847736852 -0.02622240411890216
5515 0.02622239847736852 -0.02622239989193276
5516 0.02622239847736852 -0.02622239896125774
5517 0.02622239847736852 -0.02622239525314365
5518 0.02622239847736852 -0.02622239515393166
5519 0.02622239847736852 -0.02622239054006525
5520 0.02622239847736852 -0.02622239708004001
5521 0.02622239847736852 -0.02622239532491652
5522 0.02622239847736852 -0.02622239257189983
5523 0.02622239847736852 -0.02622239231792088
5524 0.02622239847736852 -0.02622239413414065
5525 0.02622239847736852 -0.02622239501710061
5526 0.02622239847736852 -0.02622239062257587
5527 0.02622239847736852 -0.02622239659197149
5528 0.02622239847736852 -0.02622239975445498
5529 0.02622239847736852 -0.02622240390958169
5530 0.02622239847736852 -0.02622240654442869
5531 0.02622239847736852 -0.02622240754979338
5532 0.02622239847736852 -0.02622241015537951
5533 0.02622239847736852 -0.02622241041713468
5534 0.02622239847736852 -0.02622240910964523
5535 0.02622239847736852 -0.02622239917313081
5536 0.02622239847736852 -0.02622240271993712
5537 0.02622239847736852 -0.02622240454563458
5538 0.02622239847736852 -0.02622240505727081
5539 0.02622239847736852 -0.02622240725935586
5540 0.02622239847736852 -0.02622240443298118
5541 0.02622239847736852 -0.02622240238554099
5542 0.02622239847736852 -0.02622239919730878
5543 0.02622239847736852 -0.02622239530297588
5544 0.02622239847736852 -0.0262223916362401
5545 0.02622239847736852 -0.0262223878699964
5546 0.02622239847736852 -0.02622238436954238
5547 0.02622239847736852 -0.02622238575851164
5548 0.02622239847736852 -0.02622238528944329
5549 0.02622239847736852 -0.0262223949658678
5550 0.02622239847736852 -0.0262223862701296
5551 0.02622239847736852 -0.02622238382369874
5552 0.02622239847736852 -0.02622238281015383
5553 0.02622239847736852 -0.02622238326059353
5554 0.02622239847736852 -0.02622238511646157
5555 0.02622239847736852 -0.02622238629147175
5556 0.02622239847736852 -0.02622238644213732
5557 0.02622239847736852 -0.02622238953664695
5558 0.02622239847736852 -0.02622239299158105
5559 0.02622239847736852 -0.02622239620898431
5560 0.02622239847736852 -0.02622240073461485
5561 0.02622239847736852 -0.02622239848320021
5562 0.02622239847736852 -0.02622240481067846
5563 0.02622239847736852 -0.02622241052536225
5564 0.02622239847736852 -0.026222414796349
5565 0.02622239847736852 -0.02622241645760432
5566 0.02622239847736852 -0.02622241137744751
5567 0.02622239847736852 -0.02622241609087755
5568 0.02622239847736852 -0.02622241549136186
5569 0.02622239847736852 -0.02622240913924041
5570 0.02622239847736852 -0.02622240930227607
5571 0.02622239847736852 -0.02622240910608689
5572 0.02622239847736852 -0.02622240809069953
5573 0.02622239847736852 -0.02622240802718589
5574 0.02622239847736852 -0.02622240428334393
5575 0.02622239847736852 -0.02622240230435907
5576 0.02622239847736852 -0.02622239955175427
5577 0.02622239847736852 -0.02622239674347574
5578 0.02622239847736852 -0.02622239336573392
5579 0.02622239847736852 -0.02622239607696149
5580 0.02622239847736852 -0.02622239284443467
5581 0.02622239847736852 -0.02622239167130798
5582 0.02622239847736852 -0.02622239327415644
5583 0.02622239847736852 -0.02622239330266187
5584 0.02622239847736852 -0.02622239877711092
5585 0.02622239847736852 -0.02622240885429843
5586 0.02622239847736852 -0.02622240817718572
5587 0.02622239847736852 -0.02622241080972135
5588 0.02622239847736852 -0.02622241338359664
5589 0.02622239847736852 -0.02622241526605001
5590 0.02622239847736852 -0.02622241257323164
5591 0.02622239847736852 -0.02622234098883505
5592 0.02622239847736852 -0.02622240113393862
5593 0.02622239847736852 -0.02622239062859925
5594 0.02622239847736852 -0.02622239471736474
5595 0.02622239847736852 -0.02622239520724619
5596 0.02622239847736852 -0.02622239096343727
5597 0.02622239847736852 -0.02622238654563256
5598 0.02622239847736852 -0.02622238378432692
5599 0.02622239847736852 -0.02622238094963509
5600 0.02622239847736852 -0.02622237855182238
5601 0.02622239847736852 -0.02622237480130062
5602 0.02622239847736852 -0.02622237255791361
5603 0.02622239847736852 -0.02622237128968858
5604 0.02622239847736852 -0.02622237245116461
5605 0.02622239847736852 -0.02622238174334039
5606 0.02622239847736852 -0.02622238799741091
5607 0.02622239847736852 -0.02622238643839124
5608 0.02622239847736852 -0.02622239120186695
5609 0.02622239847736852 -0.02622239225927268
5610 0.02622239847736852 -0.02622239542380038
5611 0.02622239847736852 -0.02622240017720524
5612 0.02622239847736852 -0.02622240514764395
5613 0.02622239847736852 -0.02622240833003581
5614 0.02622239847736852 -0.02622240354588531
5615 0.02622239847736852 -0.02622240045966029
5616 0.02622239847736852 -0.02622240183486895
5617 0.02622239847736852 -0.02622240042659454
5618 0.02622239847736852 -0.02622239995855102
5619 0.02622239847736852 -0.02622239993905967
5620 0.02622239847736852 -0.0262224012193893
5621 0.02622239847736852 -0.02622240145561939
5622 0.02622239847736852 -0.0262224006972477
5623 0.02622239847736852 -0.02622239879941501
5624 0.02622239847736852 -0.02622239528192308
5625 0.02622239847736852 -0.02622239301788208
5626 0.02622239847736852 -0.02622239119251322
5627 0.02622239847736852 -0.02622239235990906
5628 0.02622239847736852 -0.02622239833540177
5629 0.02622239847736852 -0.0262224015629105
5630 0.02622239847736852 -0.02622240287042411
5631 0.02622239847736852 -0.02622240561560581
5632 0.02622239847736852 -0.02622240828451675
5633 0.02622239847736852 -0.0262224202268602
5634 0.02622239847736852 -0.02622227566133662
5635 0.02622239847736852 -0.02622238046794655
5636 0.02622239847736852 -0.02622240264273349
5637 0.02622239847736852 -0.02622240785513365
5638 0.02622239847736852 -0.02622241030068781
5639 0.02622239847736852 -0.02622240885675854
5640 0.02622239847736852 -0.02622239037012251
5641 0.02622239847736852 -0.02622233819952834
5642 0.02622239847736852 -0.02622240478604218
5643 0.02622239847736852 -0.02622239348582919
5644 0.02622239847736852 -0.02622238831394757
5645 0.02622239847736852 -0.02622238207304468
5646 0.02622239847736852 -0.0262223778920477
5647 0.02622239847736852 -0.0262223748491554
5648 0.02622239847736852 -0.02622238661283477
5649 0.02622239847736852 -0.0262223754392402
5650 0.02622239847736852 -0.02622237083669903
5651 0.02622239847736852 -0.02622237611322454
5652 0.02622239847736852 -0.02622237050643397
5653 0.02622239847736852 -0.02622237537903527
5654 0.02622239847736852 -0.02622237036525324
5655 0.02622239847736852 -0.02622242533392443
5656 0.02622239847736852 -0.02622240180601314
5657 0.02622239847736852 -0.02622239451397171
5658 0.02622239847736852 -0.02622236181021756
5659 0.02622239847736852 -0.02622237725467072
5660 0.02622239847736852 -0.02622238134419388
5661 0.02622239847736852 -0.02622238760181323
5662 0.02622239847736852 -0.0262223904224
5663 0.02622239847736852 -0.02622239051953412
5664 0.02622239847736852 -0.02622239078443998
5665 0.02622239847736852 -0.02622239531498405
5666 0.02622239847736852 -0.02622239957620509
5667 0.02622239847736852 -0.02622240013604319
5668 0.02622239847736852 -0.02622240741335149
5669 0.02622239847736852 -0.02622240671994296
5670 0.02622239847736852 -0.02622241112746988
5671 0.02622239847736852 -0.02622241525414552
5672 0.02622239847736852 -0.02622246926340239
5673 0.02622239847736852 -0.02622242540096945
5674 0.02622239847736852 -0.02622243651513749
5675 0.02622239847736852 -0.0262224370937866
5676 0.02622239847736852 -0.02622244238832127
5677 0.02622239847736852 -0.02622244812615672
5678 0.02622239847736852 -0.02622244976000558
5679 0.02622239847736852 -0.02622244975360233
5680 0.02622239847736852 -0.02622237330757724
5681 0.02622239847736852 -0.02622240922022482
5682 0.02622239847736852 -0.02622241948048865
5683 0.02622239847736852 -0.02622242458701275
5684 0.02622239847736852 -0.02622242230138136
5685 0.02622239847736852 -0.02622241539729563
5686 0.02622239847736852 -0.02622240263615622
5687 0.02622239847736852 -0.02622239961069181
5688 0.02622239847736852 -0.02622239210069606
5689 0.02622239847736852 -0.02622238625667438
5690 0.02622239847736852 -0.02622238477851831
5691 0.02622239847736852 -0.0262223778769021
5692 0.02622239847736852 -0.02622238346447437
5693 0.02622239847736852 -0.02622237679917628
5694 0.02622239847736852 -0.02622238274928542
5695 0.02622239847736852 -0.02622237914727452
5696 0.02622239847736852 -0.02622237670132357
5697 0.02622239847736852 -0.02622237580510762
5698 0.02622239847736852 -0.02622237481268698
5699 0.02622239847736852 -0.02622237485299231
5700 0.02622239847736852 -0.02622238146615523
5701 0.02622239847736852 -0.02622235941140092
5702 0.02622239847736852 -0.02622236621219154
5703 0.02622239847736852 -0.02622237071218842
5704 0.02622239847736852 -0.02622237270852139
5705 0.02622239847736852 -0.02622237263334091
5706 0.02622239847736852 -0.02622237201212044
5707 0.02622239847736852 -0.02622236754234965
5708 0.02622239847736852 -0.02622236391435391
5709 0.02622239847736852 -0.02622236273747675
5710 0.02622239847736852 -0.0262223615825709
5711 0.02622239847736852 -0.02622235946096653
5712 0.02622239847736852 -0.02622235894849726
5713 0.02622239847736852 -0.02622235912507217
5714 0.02622239847736852 -0.0262223615724419
5715 0.02622239847736852 -0.02622236538561198
5716 0.02622239847736852 -0.02622238349264548
5717 0.02622239847736852 -0.02622236820569124
5718 0.02622239847736852 -0.02622238149296193
5719 0.02622239847736852 -0.0262223802717305
5720 0.02622239847736852 -0.02622238373815253
5721 0.02622239847736852 -0.02622238862357491
5722 0.02622239847736852 -0.02622239414160547
5723 0.02622239847736852 -0.02622240101260546
5724 0.02622239847736852 -0.02622240894281194
5725 0.02622239847736852 -0.02622241381481468
5726 0.02622239847736852 -0.02622242026694642
5727 0.02622239847736852 -0.02622242931337728
5728 0.02622239847736852 -0.02622243587992855
5729 0.02622239847736852 -0.02622243597661148
5730 0.02622239847736852 -0.02622243915754065
5731 0.02622239847736852 -0.02622244282350233
5732 0.02622239847736852 -0.02622243411990804
5733 0.02622239847736852 -0.02622244060638493
5734 0.02622239847736852 -0.02622244701938849
5735 0.02622239847736852 -0.02622244958642671
5736 0.02622239847736852 -0.02622244809855586
5737 0.02622239847736852 -0.02622244907936964
5738 0.02622239847736852 -0.02622245066897547
5739 0.02622239847736852 -0.0262224526725491
5740 0.02622239847736852 -0.0262224523131994
5741 0.02622239847736852 -0.02622242501429748
5742 0.02622239847736852 -0.02622246021355985
5743 0.02622239847736852 -0.02622235821469229
5744 0.02622239847736852 -0.02622240701277092
5745 0.02622239847736852 -0.02622240624671215
5746 0.02622239847736852 -0.02622240788972548
5747 0.02622239847736852 -0.02622240708753422
5748 0.02622239847736852 -0.02622240535681518
5749 0.02622239847736852 -0.02622239963456082
5750 0.02622239847736852 -0.02622239546247144
5751 0.02622239847736852 -0.02622239069725816
5752 0.02622239847736852 -0.02622238578693499
5753 0.02622239847736852 -0.0262223807348622
5754 0.02622239847736852 -0.02622237318139203
5755 0.02622239847736852 -0.02622236648938824
5756 0.02622239847736852 -0.0262223626617072
5757 0.02622239847736852 -0.02622236089153206
5758 0.02622239847736852 -0.02622235562615546
5759 0.02622239847736852 -0.02622235313213431
5760 0.02622239847736852 -0.02622235290956346
5761 0.02622239847736852 -0.02622235024367812
5762 0.02622239847736852 -0.02622235628797469
5763 0.02622239847736852 -0.02622235579318296
5764 0.02622239847736852 -0.02622236794619268
5765 0.02622239847736852 -0.02622236006228769
5766 0.02622239847736852 -0.02622236469707243
5767 0.02622239847736852 -0.02622237044943584
5768 0.02622239847736852 -0.0262223751183327
5769 0.02622239847736852 -0.02622237596655799
5770 0.02622239847736852 -0.02622237465365436
5771 0.02622239847736852 -0.02622237164933757
5772 0.02622239847736852 -0.02622237025726791
5773 0.02622239847736852 -0.0262223709166531
5774 0.02622239847736852 -0.02622237087221998
5775 0.02622239847736852 -0.02622237294340021
5776 0.02622239847736852 -0.0262223832427231
5777 0.02622239847736852 -0.02622235095001877
5778 0.02622239847736852 -0.02622235761993301
5779 0.02622239847736852 -0.02622236352657454
5780 0.02622239847736852 -0.02622236947783527
5781 0.02622239847736852 -0.02622237933471293
5782 0.02622239847736852 -0.02622238117245363
5783 0.02622239847736852 -0.02622238466987084
5784 0.02622239847736852 -0.02622238958768328
5785 0.02622239847736852 -0.02622239341602306
5786 0.02622239847736852 -0.02622239730803331
5787 0.02622239847736852 -0.02622240311252238
5788 0.02622239847736852 -0.02622241095675622
5789 0.02622239847736852 -0.02622241855519155
5790 0.02622239847736852 -0.02622242523030371
5791 0.02622239847736852 -0.02622242782493055
5792 0.02622239847736852 -0.02622243494603618
5793 0.02622239847736852 -0.02622243951016917
5794 0.02622239847736852 -0.02622244466460334
5795 0.02622239847736852 -0.02622244327338621
5796 0.02622239847736852 -0.02622242249990238
5797 0.02622239847736852 -0.02622253625217901
5798 0.02622239847736852 -0.02622241368310268
5799 0.02622239847736852 -0.0262224157314306
5800 0.02622239847736852 -0.02622240840822213
5801 0.02622239847736852 -0.02622240201035383
5802 0.02622239847736852 -0.02622239329445889
5803 0.02622239847736852 -0.02622238015254282
5804 0.02622239847736852 -0.02622236660243725
5805 0.02622239847736852 -0.02622235699411918
5806 0.02622239847736852 -0.02622234010961394
5807 0.02622239847736852 -0.02622240828180479
5808 0.02622239847736852 -0.02622239441857904
5809 0.02622239847736852 -0.02622239140699638
5810 0.02622239847736852 -0.02622238313796697
5811 0.02622239847736852 -0.02622238100156638
5812 0.02622239847736852 -0.02622240952445752
5813 0.02622239847736852 -0.02622233790531766
5814 0.02622239847736852 -0.02622234219247257
5815 0.02622239847736852 -0.02622234167801707
5816 0.02622239847736852 -0.02622235884817299
5817 0.02622239847736852 -0.02622232368212734
5818 0.02622239847736852 -0.0262223500059346
5819 0.02622239847736852 -0.02622243140140798
5820 0.02622239847736852 -0.02622238155398601
5821 0.02622239847736852 -0.02622239189587288
5822 0.02622239847736852 -0.02622239857905664
5823 0.02622239847736852 -0.02622240591501315
5824 0.02622239847736852 -0.02622241606670325
5825 0.02622239847736852 -0.02622239068715184
5826 0.02622239847736852 -0.02622241663518833
5827 0.02622239847736852 -0.02622241563302976
5828 0.02622239847736852 -0.02622241885375955
5829 0.02622239847736852 -0.026222420668565
5830 0.02622239847736852 -0.02622242285911907
5831 0.02622239847736852 -0.02622242527252633
5832 0.02622239847736852 -0.02622242562979196
5833 0.02622239847736852 -0.02622242031548653
5834 0.02622239847736852 -0.02622243117881424
5835 0.02622239847736852 -0.02622243962611805
5836 0.02622239847736852 -0.02622243673376965
5837 0.02622239847736852 -0.02622242048261527
5838 0.02622239847736852 -0.02622242354551745
5839 0.02622239847736852 -0.026222432980217
5840 0.02622239847736852 -0.02622233933503823
5841 0.02622239847736852 -0.02622240902357283
5842 0.02622239847736852 -0.02622238544875827
5843 0.02622239847736852 -0.02622236117838165
5844 0.02622239847736852 -0.02622234148860996
5845 0.02622239847736852 -0.02622232688575191
5846 0.02622239847736852 -0.02622232543844755
5847 0.02622239847736852 -0.02622233074688321
5848 0.02622239847736852 -0.02622231745596262
5849 0.02622239847736852 -0.02622230775668626
5850 0.02622239847736852 -0.02622230450471897
5851 0.02622239847736852 -0.02622230459855358
5852 0.02622239847736852 -0.02622230612304922
5853 0.02622239847736852 -0.02622231407173956
5854 0.02622239847736852 -0.02622245686760428
5855 0.02622239847736852 -0.0262224248248382
5856 0.02622239847736852 -0.02622231693721121
5857 0.02622239847736852 -0.02622253334231615
5858 0.02622239847736852 -0.02622247558878741
5859 0.02622239847736852 -0.02622245087408088
5860 0.02622239847736852 -0.02622244259906036
5861 0.02622239847736852 -0.02622227052967264
5862 0.02622239847736852 -0.02622235299406689
5863 0.02622239847736852 -0.02622241557138278
5864 0.02622239847736852 -0.02622241309236955
5865 0.02622239847736852 -0.02622241790654721
5866 0.02622239847736852 -0.02622241839341655
5867 0.02622239847736852 -0.0262224072201255
5868 0.02622239847736852 -0.02622234149554
5869 0.02622239847736852 -0.02622241023780163
5870 0.02622239847736852 -0.02622244071564106
5871 0.02622239847736852 -0.02622244805296147
5872 0.02622239847736852 -0.02622245216779988
5873 0.02622239847736852 -0.02622244476294988
5874 0.02622239847736852 -0.02622245596501141
5875 0.02622239847736852 -0.02622252721084975
5876 0.02622239847736852 -0.02622237566687731
5877 0.02622239847736852 -0.02622252341442461
5878 0.02622239847736852 -0.02622246441000819
5879 0.02622239847736852 -0.02622243315713342
5880 0.02622239847736852 -0.02622236856140152
5881 0.02622239847736852 -0.02622241374848298
5882 0.02622239847736852 -0.02622235156954351
5883 0.02622239847736852 -0.02622248431315548
5884 0.02622239847736852 -0.0262224400556518
5885 0.02622239847736852 -0.02622238606379181
5886 0.02622239847736852 -0.02622238693633885
5887 0.02622239847736852 -0.02622249682133852
5888 0.02622239847736852 -0.02622240854886431
5889 0.02622239847736852 -0.02622238338563089
5890 0.02622239847736852 -0.02622238258195303
5891 0.02622239847736852 -0.02622237547791918
5892 0.02622239847736852 -0.02622237223372751
5893 0.02622239847736852 -0.02622236976979756
5894 0.02622239847736852 -0.02622236746639542
5895 0.02622239847736852 -0.02622236609196486
5896 0.02622239847736852 -0.02622236385276637
5897 0.02622239847736852 -0.02622240041686284
5898 0.02622239847736852 -0.02622237096056815
5899 0.02622239847736852 -0.02622244853909962
5900 0.02622239847736852 -0.02622242938327988
5901 0.02622239847736852 -0.02622242459486061
5902 0.02622239847736852 -0.02622241140484529
5903 0.02622239847736852 -0.02622240588266724
5904 0.02622239847736852 -0.02622242326593571
5905 0.02622239847736852 -0.02622239211105961
5906 0.02622239847736852 -0.02622241746986599
5907 0.02622239847736852 -0.02622240152027391
5908 0.02622239847736852 -0.02622241826946398
5909 0.02622239847736852 -0.02622241168640497
5910 0.02622239847736852 -0.02622240239729202
5911 0.02622239847736852 -0.02622240787641353
5912 0.02622239847736852 -0.02622240669307225
5913 0.02622239847736852 -0.02622240547104732
5914 0.02622239847736852 -0.02622240526646919
5915 0.02622239847736852 -0.02622240576405722
5916 0.02622239847736852 -0.02622240500370918
5917 0.02622239847736852 -0.02622240241210236
5918 0.02622239847736852 -0.02622240224707578
5919 0.02622239847736852 -0.02622240068116605
5920 0.02622239847736852 -0.02622240396985619
5921 0.02622239847736852 -0.02622239644224147
5922 0.02622239847736852 -0.0262224294249482
5923 0.02622239847736852 -0.02622239540483693
5924 0.02622239847736852 -0.02622239848924343
5925 0.02622239847736852 -0.02622240097250959
5926 0.02622239847736852 -0.02622240426353754
5927 0.02622239847736852 -0.02622240700572759
5928 0.02622239847736852 -0.0262224086484938
5929 0.02622239847736852 -0.02622241017137478
5930 0.02622239847736852 -0.0262224112750945
5931 0.02622239847736852 -0.02622241314967403
5932 0.02622239847736852 -0.02622241509101197
5933 0.02622239847736852 -0.02622241645900965
5934 0.02622239847736852 -0.02622241807329688
5935 0.02622239847736852 -0.02622242027469424
5936 0.02622239847736852 -0.02622242353665809
5937 0.02622239847736852 -0.02622242482046428
5938 0.02622239847736852 -0.02622242264066182
5939 0.02622239847736852 -0.02622242052194613
5940 0.02622239847736852 -0.02622241838299344
5941 0.02622239847736852 -0.02622241706765979
5942 0.02622239847736852 -0.02622241285116471
5943 0.02622239847736852 -0.02622241347249491
5944 0.02622239847736852 -0.02622241163719541
5945 0.02622239847736852 -0.02622241260935245
5946 0.02622239847736852 -0.02622240987130096
5947 0.02622239847736852 -0.02622240436326309
5948 0.02622239847736852 -0.02622240220278386
